Matricule;Annee;Mois;Type;Libelle;Montant
010995;2009;1;D;IRCANTEC TR. A;0,14
010995;2009;1;D;IRCANTEC TR. A;0,14
010995;2009;1;D;IRCANTEC TR. A;0,14
010995;2009;1;D;IRCANTEC TR. A;0,14
010995;2009;1;D;IRCANTEC TR. A;0,15
010995;2009;1;D;IRCANTEC TR. A;0,14
010995;2009;1;D;IRCANTEC TR. A;22,82
010995;2009;1;C;IRCANTEC TR. A;0,21
010995;2009;1;C;IRCANTEC TR. A;0,21
010995;2009;1;C;IRCANTEC TR. A;0,21
010995;2009;1;C;IRCANTEC TR. A;0,22
010995;2009;1;C;IRCANTEC TR. A;0,23
010995;2009;1;C;IRCANTEC TR. A;0,22
010995;2009;1;C;IRCANTEC TR. A;34,29
010995;2009;2;D;IRCANTEC TR. A;22,82
010995;2009;2;C;IRCANTEC TR. A;34,29
010995;2009;3;D;IRCANTEC TR. A;0,01
010995;2009;3;D;IRCANTEC TR. A;0,01
010995;2009;3;D;IRCANTEC TR. A;0,01
010995;2009;3;D;IRCANTEC TR. A;22,83
010995;2009;3;C;IRCANTEC TR. A;0,01
010995;2009;3;C;IRCANTEC TR. A;34,29
010995;2009;4;D;IRCANTEC TR. A;33,77
010995;2009;4;C;IRCANTEC TR. A;50,72
010995;2009;5;D;IRCANTEC TR. A;23,04
010995;2009;5;C;IRCANTEC TR. A;34,61
010995;2009;6;D;IRCANTEC TR. A;19,15
010995;2009;6;C;IRCANTEC TR. A;28,77
010995;2009;7;D;IRCANTEC TR. A;23,15
010995;2009;7;C;IRCANTEC TR. A;34,77
010995;2009;8;D;IRCANTEC TR. A;3,62
010995;2009;8;D;IRCANTEC TR. A;12,46
010995;2009;8;C;IRCANTEC TR. A;5,44
010995;2009;8;C;IRCANTEC TR. A;18,71
010995;2009;9;D;IRCANTEC TR. A;23,15
010995;2009;9;C;IRCANTEC TR. A;0,01
010995;2009;9;C;IRCANTEC TR. A;34,78
010995;2009;10;D;IRCANTEC TR. A;21,77
010995;2009;10;C;IRCANTEC TR. A;32,7
010995;2009;11;D;IRCANTEC TR. A;13,59
010995;2009;11;C;IRCANTEC TR. A;20,41
010995;2009;12;D;IRCANTEC TR. A;23,22
010995;2009;12;C;IRCANTEC TR. A;34,88
010995;2010;1;D;IRCANTEC TR. A;23,22
010995;2010;1;C;IRCANTEC TR. A;34,88
010995;2010;2;D;IRCANTEC TR. A;23,22
010995;2010;2;C;IRCANTEC TR. A;34,88
010995;2010;3;D;IRCANTEC TR. A;23,22
010995;2010;3;C;IRCANTEC TR. A;34,88
010995;2010;4;D;IRCANTEC TR. A;34,51
010995;2010;4;C;IRCANTEC TR. A;51,85
010995;2010;5;D;IRCANTEC TR. A;23,22
010995;2010;5;C;IRCANTEC TR. A;34,88
010995;2010;6;D;IRCANTEC TR. A;23,22
010995;2010;6;C;IRCANTEC TR. A;34,88
010995;2010;7;D;IRCANTEC TR. A;0,6
010995;2010;7;D;IRCANTEC TR. A;23,33
010995;2010;7;C;IRCANTEC TR. A;0,91
010995;2010;7;C;IRCANTEC TR. A;35,04
010995;2010;8;D;IRCANTEC TR. A;23,33
010995;2010;8;C;IRCANTEC TR. A;35,04
010995;2010;9;D;IRCANTEC TR. A;23,16
010995;2010;9;C;IRCANTEC TR. A;34,79
010995;2010;10;D;IRCANTEC TR. A;23,16
010995;2010;10;C;IRCANTEC TR. A;34,79
010995;2010;11;D;IRCANTEC TR. A;23,33
010995;2010;11;C;IRCANTEC TR. A;35,04
010995;2010;12;D;IRCANTEC TR. A;23,33
010995;2010;12;C;IRCANTEC TR. A;35,04
010995;2011;1;D;IRCANTEC TR. A;23,64
010995;2011;1;C;IRCANTEC TR. A;35,35
010995;2011;2;D;IRCANTEC TR. A;0,22
010995;2011;2;D;IRCANTEC TR. A;23,86
010995;2011;2;C;IRCANTEC TR. A;0,34
010995;2011;2;C;IRCANTEC TR. A;35,69
010995;2011;3;D;IRCANTEC TR. A;23,86
010995;2011;3;C;IRCANTEC TR. A;35,69
010995;2011;4;D;IRCANTEC TR. A;35,46
010995;2011;4;C;IRCANTEC TR. A;53,03
010995;2011;5;D;IRCANTEC TR. A;24,01
010995;2011;5;C;IRCANTEC TR. A;35,91
010995;2011;6;D;IRCANTEC TR. A;24,01
010995;2011;6;C;IRCANTEC TR. A;35,91
010995;2011;7;D;IRCANTEC TR. A;1,55
010995;2011;7;D;IRCANTEC TR. A;24,01
010995;2011;7;C;IRCANTEC TR. A;2,32
010995;2011;7;C;IRCANTEC TR. A;35,91
010995;2011;8;D;IRCANTEC TR. A;24,01
010995;2011;8;C;IRCANTEC TR. A;35,91
010995;2011;9;D;IRCANTEC TR. A;24,01
010995;2011;9;C;IRCANTEC TR. A;35,91
010995;2011;10;D;IRCANTEC TR. A;24,01
010995;2011;10;C;IRCANTEC TR. A;35,91
010995;2011;11;D;IRCANTEC TR. A;24,01
010995;2011;11;C;IRCANTEC TR. A;35,91
010995;2011;12;D;IRCANTEC TR. A;24,08
010995;2011;12;C;IRCANTEC TR. A;36,02
010995;2012;1;D;IRCANTEC TR. A;20,57
010995;2012;1;C;IRCANTEC TR. A;29,85
010995;2012;2;D;IRCANTEC TR. A;0,31
010995;2012;2;D;IRCANTEC TR. A;26,54
010995;2012;2;C;IRCANTEC TR. A;0,45
010995;2012;2;C;IRCANTEC TR. A;38,51
010995;2012;3;D;IRCANTEC TR. A;26,54
010995;2012;3;C;IRCANTEC TR. A;38,51
010995;2012;4;D;IRCANTEC TR. A;38,34
010995;2012;4;C;IRCANTEC TR. A;55,63
010995;2012;5;D;IRCANTEC TR. A;26,54
010995;2012;5;C;IRCANTEC TR. A;38,51
010995;2012;6;D;IRCANTEC TR. A;26,54
010995;2012;6;C;IRCANTEC TR. A;38,51
010995;2012;7;D;IRCANTEC TR. A;0,66
010995;2012;7;D;IRCANTEC TR. A;27
010995;2012;7;C;IRCANTEC TR. A;0,96
010995;2012;7;C;IRCANTEC TR. A;39,18
010995;2012;8;D;IRCANTEC TR. A;27
010995;2012;8;C;IRCANTEC TR. A;39,18
010995;2012;9;D;IRCANTEC TR. A;27
010995;2012;9;C;IRCANTEC TR. A;39,18
020772;2009;1;D;IRCANTEC TR. A;0,12
020772;2009;1;D;IRCANTEC TR. A;0,11
020772;2009;1;D;IRCANTEC TR. A;0,12
020772;2009;1;D;IRCANTEC TR. A;0,13
020772;2009;1;D;IRCANTEC TR. A;0,23
020772;2009;1;D;IRCANTEC TR. A;0,23
020772;2009;1;D;IRCANTEC TR. A;18,34
020772;2009;1;C;IRCANTEC TR. A;0,17
020772;2009;1;C;IRCANTEC TR. A;0,17
020772;2009;1;C;IRCANTEC TR. A;0,17
020772;2009;1;C;IRCANTEC TR. A;0,19
020772;2009;1;C;IRCANTEC TR. A;0,35
020772;2009;1;C;IRCANTEC TR. A;0,35
020772;2009;1;C;IRCANTEC TR. A;27,55
020772;2009;2;D;IRCANTEC TR. A;18,34
020772;2009;2;C;IRCANTEC TR. A;27,55
020772;2009;3;D;IRCANTEC TR. A;17,81
020772;2009;3;C;IRCANTEC TR. A;0,01
020772;2009;3;C;IRCANTEC TR. A;26,76
020772;2009;4;D;IRCANTEC TR. A;27,51
020772;2009;4;C;IRCANTEC TR. A;41,33
020772;2009;5;D;IRCANTEC TR. A;18,34
020772;2009;5;C;IRCANTEC TR. A;27,55
020772;2009;6;D;IRCANTEC TR. A;9,47
020772;2009;6;C;IRCANTEC TR. A;14,22
020772;2009;7;D;IRCANTEC TR. A;18,42
020772;2009;7;C;IRCANTEC TR. A;27,68
020772;2009;8;D;IRCANTEC TR. A;18,42
020772;2009;8;C;IRCANTEC TR. A;27,68
020772;2009;9;D;IRCANTEC TR. A;0,01
020772;2009;9;D;IRCANTEC TR. A;0,01
020772;2009;9;D;IRCANTEC TR. A;18,43
020772;2009;9;C;IRCANTEC TR. A;27,68
020772;2009;10;D;IRCANTEC TR. A;18,48
020772;2009;10;C;IRCANTEC TR. A;27,76
020772;2009;11;D;IRCANTEC TR. A;18,48
020772;2009;11;C;IRCANTEC TR. A;27,76
020772;2009;12;D;IRCANTEC TR. A;18,48
020772;2009;12;C;IRCANTEC TR. A;27,76
020772;2010;1;D;IRCANTEC TR. A;18,48
020772;2010;1;C;IRCANTEC TR. A;27,76
020772;2010;2;D;IRCANTEC TR. A;12,92
020772;2010;2;C;IRCANTEC TR. A;19,41
020772;2010;4;D;IRCANTEC TR. A;9
020772;2010;4;C;IRCANTEC TR. A;13,51
020772;2010;9;D;IRCANTEC TR. A;1,49
020772;2010;9;C;IRCANTEC TR. A;2,25
040900;2009;1;D;IRCANTEC TR. A;0,2
040900;2009;1;D;IRCANTEC TR. A;0,2
040900;2009;1;D;IRCANTEC TR. A;0,2
040900;2009;1;D;IRCANTEC TR. A;0,21
040900;2009;1;D;IRCANTEC TR. A;0,2
040900;2009;1;D;IRCANTEC TR. A;0,21
040900;2009;1;D;IRCANTEC TR. A;16,46
040900;2009;1;C;IRCANTEC TR. A;0,31
040900;2009;1;C;IRCANTEC TR. A;0,31
040900;2009;1;C;IRCANTEC TR. A;0,31
040900;2009;1;C;IRCANTEC TR. A;0,31
040900;2009;1;C;IRCANTEC TR. A;0,3
040900;2009;1;C;IRCANTEC TR. A;0,31
040900;2009;1;C;IRCANTEC TR. A;24,73
040900;2009;2;D;IRCANTEC TR. A;16,46
040900;2009;2;C;IRCANTEC TR. A;24,73
040900;2009;3;D;IRCANTEC TR. A;16,46
040900;2009;3;C;IRCANTEC TR. A;0,01
040900;2009;3;C;IRCANTEC TR. A;24,73
040900;2009;4;D;IRCANTEC TR. A;24,53
040900;2009;4;C;IRCANTEC TR. A;36,85
040900;2009;5;D;IRCANTEC TR. A;16,46
040900;2009;5;C;IRCANTEC TR. A;24,73
040900;2009;6;D;IRCANTEC TR. A;16,46
040900;2009;6;C;IRCANTEC TR. A;24,73
040900;2009;7;D;IRCANTEC TR. A;16,54
040900;2009;7;C;IRCANTEC TR. A;24,84
040900;2009;8;D;IRCANTEC TR. A;16,54
040900;2009;8;C;IRCANTEC TR. A;24,84
040900;2009;9;D;IRCANTEC TR. A;16,54
040900;2009;9;C;IRCANTEC TR. A;24,84
040900;2009;10;D;IRCANTEC TR. A;16,58
040900;2009;10;C;IRCANTEC TR. A;24,91
040900;2009;11;D;IRCANTEC TR. A;16,84
040900;2009;11;C;IRCANTEC TR. A;25,3
040900;2009;12;D;IRCANTEC TR. A;16,84
040900;2009;12;C;IRCANTEC TR. A;25,3
040900;2010;1;D;IRCANTEC TR. A;0,01
040900;2010;1;D;IRCANTEC TR. A;0,16
040900;2010;1;D;IRCANTEC TR. A;17,26
040900;2010;1;C;IRCANTEC TR. A;0,23
040900;2010;1;C;IRCANTEC TR. A;25,93
040900;2010;2;D;IRCANTEC TR. A;17,26
040900;2010;2;C;IRCANTEC TR. A;25,93
040900;2010;3;D;IRCANTEC TR. A;17,26
040900;2010;3;C;IRCANTEC TR. A;25,93
040900;2010;4;D;IRCANTEC TR. A;25,33
040900;2010;4;C;IRCANTEC TR. A;38,05
040900;2010;5;D;IRCANTEC TR. A;17,26
040900;2010;5;C;IRCANTEC TR. A;25,93
040900;2010;6;D;IRCANTEC TR. A;17,26
040900;2010;6;C;IRCANTEC TR. A;25,93
040900;2010;7;D;IRCANTEC TR. A;17,34
040900;2010;7;C;IRCANTEC TR. A;26,05
040900;2010;8;D;IRCANTEC TR. A;17,34
040900;2010;8;C;IRCANTEC TR. A;26,05
040900;2010;9;D;IRCANTEC TR. A;17,34
040900;2010;9;C;IRCANTEC TR. A;26,05
040900;2010;10;D;IRCANTEC TR. A;17,34
040900;2010;10;C;IRCANTEC TR. A;26,05
040900;2010;11;D;IRCANTEC TR. A;17,34
040900;2010;11;C;IRCANTEC TR. A;26,05
040900;2010;12;D;IRCANTEC TR. A;17,34
040900;2010;12;C;IRCANTEC TR. A;26,05
040900;2011;1;D;IRCANTEC TR. A;17,57
040900;2011;1;C;IRCANTEC TR. A;26,28
040900;2011;2;D;IRCANTEC TR. A;17,57
040900;2011;2;C;IRCANTEC TR. A;26,28
040900;2011;3;D;IRCANTEC TR. A;17,57
040900;2011;3;C;IRCANTEC TR. A;26,28
040900;2011;4;D;IRCANTEC TR. A;25,75
040900;2011;4;C;IRCANTEC TR. A;38,51
040900;2011;5;D;IRCANTEC TR. A;17,57
040900;2011;5;C;IRCANTEC TR. A;26,28
040900;2011;6;D;IRCANTEC TR. A;17,57
040900;2011;6;C;IRCANTEC TR. A;26,28
040900;2011;7;D;IRCANTEC TR. A;17,57
040900;2011;7;C;IRCANTEC TR. A;26,28
040900;2011;8;D;IRCANTEC TR. A;1,61
040900;2011;8;D;IRCANTEC TR. A;17,57
040900;2011;8;C;IRCANTEC TR. A;2,4
040900;2011;8;C;IRCANTEC TR. A;26,28
040900;2011;9;D;IRCANTEC TR. A;17,57
040900;2011;9;C;IRCANTEC TR. A;26,28
040900;2011;10;D;IRCANTEC TR. A;2,68
040900;2011;10;D;IRCANTEC TR. A;17,57
040900;2011;10;C;IRCANTEC TR. A;4,01
040900;2011;10;C;IRCANTEC TR. A;26,28
040900;2011;11;D;IRCANTEC TR. A;18,1
040900;2011;11;C;IRCANTEC TR. A;27,07
040900;2011;12;D;IRCANTEC TR. A;18,1
040900;2011;12;C;IRCANTEC TR. A;27,07
040900;2012;1;D;IRCANTEC TR. A;19,61
040900;2012;1;C;IRCANTEC TR. A;28,46
040900;2012;2;D;IRCANTEC TR. A;19,61
040900;2012;2;C;IRCANTEC TR. A;28,46
040900;2012;3;D;IRCANTEC TR. A;19,61
040900;2012;3;C;IRCANTEC TR. A;28,46
040900;2012;4;D;IRCANTEC TR. A;28,04
040900;2012;4;C;IRCANTEC TR. A;40,69
040900;2012;5;D;IRCANTEC TR. A;19,61
040900;2012;5;C;IRCANTEC TR. A;28,46
040900;2012;6;D;IRCANTEC TR. A;19,61
040900;2012;6;C;IRCANTEC TR. A;28,46
040900;2012;7;D;IRCANTEC TR. A;19,61
040900;2012;7;C;IRCANTEC TR. A;28,46
040900;2012;8;D;IRCANTEC TR. A;1,67
040900;2012;8;D;IRCANTEC TR. A;19,61
040900;2012;8;C;IRCANTEC TR. A;2,41
040900;2012;8;C;IRCANTEC TR. A;28,46
040900;2012;9;D;IRCANTEC TR. A;19,61
040900;2012;9;C;IRCANTEC TR. A;28,46
040900;2012;10;D;IRCANTEC TR. A;19,61
040900;2012;10;C;IRCANTEC TR. A;28,46
040900;2012;11;D;IRCANTEC TR. A;19,61
040900;2012;11;C;IRCANTEC TR. A;28,46
040900;2012;12;D;IRCANTEC TR. A;19,61
040900;2012;12;C;IRCANTEC TR. A;28,46
040900;2013;1;D;IRCANTEC TR. A;20,45
040900;2013;1;C;IRCANTEC TR. A;30,71
040900;2013;2;D;IRCANTEC TR. A;9,54
040900;2013;2;C;IRCANTEC TR. A;14,33
040900;2013;9;D;IRCANTEC TR. A;0,05
040900;2013;9;D;IRCANTEC TR. A;0,05
040900;2013;9;D;IRCANTEC TR. A;0,05
040900;2013;9;D;IRCANTEC TR. A;0,05
040900;2013;9;D;IRCANTEC TR. A;0,05
040900;2013;9;D;IRCANTEC TR. A;0,05
040900;2013;9;D;IRCANTEC TR. A;0,05
040900;2013;9;D;IRCANTEC TR. A;0,05
040900;2013;9;D;IRCANTEC TR. A;0,05
040900;2013;9;D;IRCANTEC TR. A;0,05
040900;2013;9;D;IRCANTEC TR. A;0,05
040900;2013;9;D;IRCANTEC TR. A;0,05
040900;2013;9;D;IRCANTEC TR. A;0,04
040900;2013;9;D;IRCANTEC TR. A;0,02
040900;2013;9;C;IRCANTEC TR. A;0,07
040900;2013;9;C;IRCANTEC TR. A;0,07
040900;2013;9;C;IRCANTEC TR. A;0,07
040900;2013;9;C;IRCANTEC TR. A;0,07
040900;2013;9;C;IRCANTEC TR. A;0,07
040900;2013;9;C;IRCANTEC TR. A;0,07
040900;2013;9;C;IRCANTEC TR. A;0,07
040900;2013;9;C;IRCANTEC TR. A;0,07
040900;2013;9;C;IRCANTEC TR. A;0,07
040900;2013;9;C;IRCANTEC TR. A;0,07
040900;2013;9;C;IRCANTEC TR. A;0,07
040900;2013;9;C;IRCANTEC TR. A;0,07
040900;2013;9;C;IRCANTEC TR. A;0,07
040900;2013;9;C;IRCANTEC TR. A;0,03
300227;2011;4;D;IRCANTEC TR. A;1,26
300227;2011;4;D;IRCANTEC TR. A;3,66
300227;2011;4;C;IRCANTEC TR. A;1,89
300227;2011;4;C;IRCANTEC TR. A;5,47
300227;2011;6;D;IRCANTEC TR. A;0,69
300227;2011;6;C;IRCANTEC TR. A;1,03
300227;2011;11;D;IRCANTEC TR. A;1,49
300227;2011;11;C;IRCANTEC TR. A;2,23
300227;2012;2;D;IRCANTEC TR. A;2,13
300227;2012;2;C;IRCANTEC TR. A;3,09
300227;2012;3;D;IRCANTEC TR. A;2,37
300227;2012;3;C;IRCANTEC TR. A;3,44
300227;2012;4;D;IRCANTEC TR. A;3,91
300227;2012;4;C;IRCANTEC TR. A;5,67
300227;2012;5;D;IRCANTEC TR. A;1,42
300227;2012;5;C;IRCANTEC TR. A;2,06
300227;2012;6;D;IRCANTEC TR. A;0,71
300227;2012;6;C;IRCANTEC TR. A;1,03
300227;2012;7;D;IRCANTEC TR. A;0,83
300227;2012;7;C;IRCANTEC TR. A;1,2
300227;2012;10;D;IRCANTEC TR. A;1,66
300227;2012;10;C;IRCANTEC TR. A;2,41
300227;2012;11;D;IRCANTEC TR. A;1,42
300227;2012;11;C;IRCANTEC TR. A;2,06
300227;2012;12;D;IRCANTEC TR. A;2,49
300227;2012;12;C;IRCANTEC TR. A;3,61
300227;2013;1;D;IRCANTEC TR. A;2,29
300227;2013;1;C;IRCANTEC TR. A;3,43
300227;2013;2;D;IRCANTEC TR. A;3,33
300227;2013;2;C;IRCANTEC TR. A;5,01
300227;2013;3;D;IRCANTEC TR. A;2,34
300227;2013;3;C;IRCANTEC TR. A;3,52
300227;2013;4;D;IRCANTEC TR. A;1,67
300227;2013;4;C;IRCANTEC TR. A;2,51
300227;2013;5;D;IRCANTEC TR. A;1,42
300227;2013;5;C;IRCANTEC TR. A;2,14
300227;2013;7;D;IRCANTEC TR. A;0,99
300227;2013;7;C;IRCANTEC TR. A;1,48
300227;2013;9;D;IRCANTEC TR. A;0,99
300227;2013;9;C;IRCANTEC TR. A;1,48
300227;2013;10;D;IRCANTEC TR. A;0,74
300227;2013;10;C;IRCANTEC TR. A;1,11
300227;2013;11;D;IRCANTEC TR. A;2,34
300227;2013;11;C;IRCANTEC TR. A;3,52
300227;2013;12;D;IRCANTEC TR. A;2,22
300227;2013;12;C;IRCANTEC TR. A;3,34
300437;2009;1;D;IRCANTEC TR. A;0,07
300437;2009;1;D;IRCANTEC TR. A;0,05
300437;2009;1;D;IRCANTEC TR. A;0,06
300437;2009;1;D;IRCANTEC TR. A;0,07
300437;2009;1;D;IRCANTEC TR. A;0,07
300437;2009;1;D;IRCANTEC TR. A;4,79
300437;2009;1;D;IRCANTEC TR. A;16,25
300437;2009;1;C;IRCANTEC TR. A;0,11
300437;2009;1;C;IRCANTEC TR. A;0,08
300437;2009;1;C;IRCANTEC TR. A;0,09
300437;2009;1;C;IRCANTEC TR. A;0,1
300437;2009;1;C;IRCANTEC TR. A;0,09
300437;2009;1;C;IRCANTEC TR. A;7,19
300437;2009;1;C;IRCANTEC TR. A;24,41
300437;2009;2;D;IRCANTEC TR. A;1,98
300437;2009;2;D;IRCANTEC TR. A;16,25
300437;2009;2;C;IRCANTEC TR. A;2,98
300437;2009;2;C;IRCANTEC TR. A;24,41
300437;2009;3;D;IRCANTEC TR. A;3,26
300437;2009;3;D;IRCANTEC TR. A;16,25
300437;2009;3;C;IRCANTEC TR. A;0,01
300437;2009;3;C;IRCANTEC TR. A;4,9
300437;2009;3;C;IRCANTEC TR. A;24,42
300437;2009;4;D;IRCANTEC TR. A;3,55
300437;2009;4;D;IRCANTEC TR. A;27,03
300437;2009;4;C;IRCANTEC TR. A;5,33
300437;2009;4;C;IRCANTEC TR. A;40,61
300437;2009;5;D;IRCANTEC TR. A;3,55
300437;2009;5;D;IRCANTEC TR. A;16,3
300437;2009;5;C;IRCANTEC TR. A;5,33
300437;2009;5;C;IRCANTEC TR. A;24,49
300437;2009;6;D;IRCANTEC TR. A;5,5
300437;2009;6;D;IRCANTEC TR. A;16,3
300437;2009;6;C;IRCANTEC TR. A;8,26
300437;2009;6;C;IRCANTEC TR. A;24,49
300437;2009;7;D;IRCANTEC TR. A;4,86
300437;2009;7;D;IRCANTEC TR. A;16,48
300437;2009;7;C;IRCANTEC TR. A;7,29
300437;2009;7;C;IRCANTEC TR. A;24,76
300437;2009;8;D;IRCANTEC TR. A;14,24
300437;2009;8;C;IRCANTEC TR. A;21,39
300437;2009;9;D;IRCANTEC TR. A;7,01
300437;2009;9;D;IRCANTEC TR. A;16,48
300437;2009;9;C;IRCANTEC TR. A;10,53
300437;2009;9;C;IRCANTEC TR. A;24,76
300437;2009;10;D;IRCANTEC TR. A;14,42
300437;2009;10;D;IRCANTEC TR. A;16,53
300437;2009;10;C;IRCANTEC TR. A;21,66
300437;2009;10;C;IRCANTEC TR. A;24,83
300437;2009;11;D;IRCANTEC TR. A;8,44
300437;2009;11;D;IRCANTEC TR. A;16,53
300437;2009;11;C;IRCANTEC TR. A;12,68
300437;2009;11;C;IRCANTEC TR. A;24,83
300437;2009;12;D;IRCANTEC TR. A;1,81
300437;2009;12;D;IRCANTEC TR. A;13,39
300437;2009;12;C;IRCANTEC TR. A;2,72
300437;2009;12;C;IRCANTEC TR. A;20,11
300437;2010;1;D;IRCANTEC TR. A;2,31
300437;2010;1;D;IRCANTEC TR. A;16,53
300437;2010;1;C;IRCANTEC TR. A;3,47
300437;2010;1;C;IRCANTEC TR. A;24,83
300437;2010;2;D;IRCANTEC TR. A;7,84
300437;2010;2;D;IRCANTEC TR. A;16,53
300437;2010;2;C;IRCANTEC TR. A;11,78
300437;2010;2;C;IRCANTEC TR. A;24,83
300437;2010;3;D;IRCANTEC TR. A;3,92
300437;2010;3;D;IRCANTEC TR. A;16,53
300437;2010;3;C;IRCANTEC TR. A;5,89
300437;2010;3;C;IRCANTEC TR. A;24,83
300437;2010;4;D;IRCANTEC TR. A;9,8
300437;2010;4;D;IRCANTEC TR. A;27,25
300437;2010;4;C;IRCANTEC TR. A;14,72
300437;2010;4;C;IRCANTEC TR. A;40,94
300437;2010;5;D;IRCANTEC TR. A;5,83
300437;2010;5;D;IRCANTEC TR. A;16,53
300437;2010;5;C;IRCANTEC TR. A;8,75
300437;2010;5;C;IRCANTEC TR. A;24,83
300437;2010;6;D;IRCANTEC TR. A;12,86
300437;2010;6;D;IRCANTEC TR. A;16,53
300437;2010;6;C;IRCANTEC TR. A;19,32
300437;2010;6;C;IRCANTEC TR. A;24,83
300437;2010;7;D;IRCANTEC TR. A;14,47
300437;2010;7;D;IRCANTEC TR. A;16,61
300437;2010;7;C;IRCANTEC TR. A;21,74
300437;2010;7;C;IRCANTEC TR. A;24,95
300437;2010;8;D;IRCANTEC TR. A;16,61
300437;2010;8;C;IRCANTEC TR. A;24,95
300437;2010;9;D;IRCANTEC TR. A;16,61
300437;2010;9;C;IRCANTEC TR. A;24,95
300437;2010;10;D;IRCANTEC TR. A;14,95
300437;2010;10;D;IRCANTEC TR. A;16,61
300437;2010;10;C;IRCANTEC TR. A;22,46
300437;2010;10;C;IRCANTEC TR. A;24,95
300437;2010;11;D;IRCANTEC TR. A;8,39
300437;2010;11;D;IRCANTEC TR. A;16,66
300437;2010;11;C;IRCANTEC TR. A;12,6
300437;2010;11;C;IRCANTEC TR. A;25,03
300437;2010;12;D;IRCANTEC TR. A;13,28
300437;2010;12;D;IRCANTEC TR. A;16,66
300437;2010;12;C;IRCANTEC TR. A;19,95
300437;2010;12;C;IRCANTEC TR. A;25,03
300437;2011;1;D;IRCANTEC TR. A;3,9
300437;2011;1;D;IRCANTEC TR. A;16,88
300437;2011;1;C;IRCANTEC TR. A;5,84
300437;2011;1;C;IRCANTEC TR. A;25,25
300437;2011;2;D;IRCANTEC TR. A;9,29
300437;2011;2;D;IRCANTEC TR. A;17,04
300437;2011;2;C;IRCANTEC TR. A;13,89
300437;2011;2;C;IRCANTEC TR. A;25,49
300437;2011;3;D;IRCANTEC TR. A;14,01
300437;2011;3;D;IRCANTEC TR. A;17,04
300437;2011;3;C;IRCANTEC TR. A;20,95
300437;2011;3;C;IRCANTEC TR. A;25,49
300437;2011;4;D;IRCANTEC TR. A;8,61
300437;2011;4;D;IRCANTEC TR. A;29,4
300437;2011;4;C;IRCANTEC TR. A;12,88
300437;2011;4;C;IRCANTEC TR. A;43,97
300437;2011;5;D;IRCANTEC TR. A;10,06
300437;2011;5;D;IRCANTEC TR. A;17,04
300437;2011;5;C;IRCANTEC TR. A;15,05
300437;2011;5;C;IRCANTEC TR. A;25,49
300437;2011;6;D;IRCANTEC TR. A;13,49
300437;2011;6;D;IRCANTEC TR. A;14,87
300437;2011;6;C;IRCANTEC TR. A;20,17
300437;2011;6;C;IRCANTEC TR. A;22,24
300437;2011;7;D;IRCANTEC TR. A;12,86
300437;2011;7;D;IRCANTEC TR. A;17,04
300437;2011;7;C;IRCANTEC TR. A;19,23
300437;2011;7;C;IRCANTEC TR. A;25,49
300437;2011;8;D;IRCANTEC TR. A;17,04
300437;2011;8;C;IRCANTEC TR. A;25,49
300437;2011;9;D;IRCANTEC TR. A;0,04
300437;2011;9;D;IRCANTEC TR. A;15,74
300437;2011;9;D;IRCANTEC TR. A;17,04
300437;2011;9;C;IRCANTEC TR. A;0,05
300437;2011;9;C;IRCANTEC TR. A;23,53
300437;2011;9;C;IRCANTEC TR. A;25,49
300437;2011;10;D;IRCANTEC TR. A;0,03
300437;2011;10;D;IRCANTEC TR. A;15,74
300437;2011;10;D;IRCANTEC TR. A;17,04
300437;2011;10;C;IRCANTEC TR. A;0,06
300437;2011;10;C;IRCANTEC TR. A;23,53
300437;2011;10;C;IRCANTEC TR. A;25,49
300437;2011;11;D;IRCANTEC TR. A;8,2
300437;2011;11;C;IRCANTEC TR. A;12,26
300470;2009;1;D;IRCANTEC TR. A;0,2
300470;2009;1;D;IRCANTEC TR. A;0,24
300470;2009;1;D;IRCANTEC TR. A;0,24
300470;2009;1;D;IRCANTEC TR. A;0,25
300470;2009;1;D;IRCANTEC TR. A;7,4
300470;2009;1;D;IRCANTEC TR. A;0,25
300470;2009;1;D;IRCANTEC TR. A;4,3
300470;2009;1;C;IRCANTEC TR. A;0,3
300470;2009;1;C;IRCANTEC TR. A;0,37
300470;2009;1;C;IRCANTEC TR. A;0,37
300470;2009;1;C;IRCANTEC TR. A;0,37
300470;2009;1;C;IRCANTEC TR. A;11,12
300470;2009;1;C;IRCANTEC TR. A;0,37
300470;2009;1;C;IRCANTEC TR. A;6,46
300470;2009;2;D;IRCANTEC TR. A;19,75
300470;2009;2;C;IRCANTEC TR. A;29,67
300470;2009;3;D;IRCANTEC TR. A;19,39
300470;2009;3;C;IRCANTEC TR. A;29,13
300470;2009;4;D;IRCANTEC TR. A;27,1
300470;2009;4;C;IRCANTEC TR. A;40,71
300470;2009;5;D;IRCANTEC TR. A;19,75
300470;2009;5;C;IRCANTEC TR. A;29,67
300470;2009;6;D;IRCANTEC TR. A;19,75
300470;2009;6;C;IRCANTEC TR. A;29,67
300470;2009;7;D;IRCANTEC TR. A;19,84
300470;2009;7;C;IRCANTEC TR. A;29,81
300470;2009;8;D;IRCANTEC TR. A;19,84
300470;2009;8;C;IRCANTEC TR. A;29,81
300470;2009;9;D;IRCANTEC TR. A;19,84
300470;2009;9;C;IRCANTEC TR. A;29,81
300470;2009;10;D;IRCANTEC TR. A;19,9
300470;2009;10;C;IRCANTEC TR. A;29,89
300470;2009;11;D;IRCANTEC TR. A;19,9
300470;2009;11;C;IRCANTEC TR. A;29,89
300470;2009;12;D;IRCANTEC TR. A;19,9
300470;2009;12;C;IRCANTEC TR. A;29,89
300470;2010;1;D;IRCANTEC TR. A;19,9
300470;2010;1;C;IRCANTEC TR. A;29,89
300470;2010;2;D;IRCANTEC TR. A;19,9
300470;2010;2;C;IRCANTEC TR. A;29,89
300470;2010;3;D;IRCANTEC TR. A;19,9
300470;2010;3;C;IRCANTEC TR. A;29,89
300470;2010;4;D;IRCANTEC TR. A;29,88
300470;2010;4;C;IRCANTEC TR. A;44,89
300470;2010;5;D;IRCANTEC TR. A;19,9
300470;2010;5;C;IRCANTEC TR. A;29,89
300470;2010;6;D;IRCANTEC TR. A;19,9
300470;2010;6;C;IRCANTEC TR. A;29,89
300470;2010;7;D;IRCANTEC TR. A;20,25
300470;2010;7;C;IRCANTEC TR. A;30,43
300470;2010;8;D;IRCANTEC TR. A;20,31
300470;2010;8;C;IRCANTEC TR. A;30,51
300470;2010;9;D;IRCANTEC TR. A;20,31
300470;2010;9;C;IRCANTEC TR. A;30,51
300470;2010;10;D;IRCANTEC TR. A;20,31
300470;2010;10;C;IRCANTEC TR. A;30,51
300470;2010;11;D;IRCANTEC TR. A;5,77
300470;2010;11;D;IRCANTEC TR. A;20,31
300470;2010;11;C;IRCANTEC TR. A;8,66
300470;2010;11;C;IRCANTEC TR. A;30,51
300470;2010;12;D;IRCANTEC TR. A;5,77
300470;2010;12;D;IRCANTEC TR. A;20,31
300470;2010;12;C;IRCANTEC TR. A;8,66
300470;2010;12;C;IRCANTEC TR. A;30,51
300470;2011;1;D;IRCANTEC TR. A;7,31
300470;2011;1;D;IRCANTEC TR. A;20,58
300470;2011;1;C;IRCANTEC TR. A;10,93
300470;2011;1;C;IRCANTEC TR. A;30,78
300470;2011;2;D;IRCANTEC TR. A;6,79
300470;2011;2;D;IRCANTEC TR. A;20,58
300470;2011;2;C;IRCANTEC TR. A;10,15
300470;2011;2;C;IRCANTEC TR. A;30,78
300470;2011;3;D;IRCANTEC TR. A;6,26
300470;2011;3;D;IRCANTEC TR. A;20,58
300470;2011;3;C;IRCANTEC TR. A;9,37
300470;2011;3;C;IRCANTEC TR. A;30,78
300470;2011;4;D;IRCANTEC TR. A;6,26
300470;2011;4;D;IRCANTEC TR. A;30,89
300470;2011;4;C;IRCANTEC TR. A;9,37
300470;2011;4;C;IRCANTEC TR. A;46,2
300470;2011;5;D;IRCANTEC TR. A;6,27
300470;2011;5;D;IRCANTEC TR. A;20,58
300470;2011;5;C;IRCANTEC TR. A;9,37
300470;2011;5;C;IRCANTEC TR. A;30,78
300470;2011;6;D;IRCANTEC TR. A;6,26
300470;2011;6;D;IRCANTEC TR. A;20,58
300470;2011;6;C;IRCANTEC TR. A;9,37
300470;2011;6;C;IRCANTEC TR. A;30,78
300470;2011;7;D;IRCANTEC TR. A;6,26
300470;2011;7;D;IRCANTEC TR. A;20,58
300470;2011;7;C;IRCANTEC TR. A;9,37
300470;2011;7;C;IRCANTEC TR. A;30,78
300470;2011;8;D;IRCANTEC TR. A;6,26
300470;2011;8;D;IRCANTEC TR. A;20,58
300470;2011;8;C;IRCANTEC TR. A;9,37
300470;2011;8;C;IRCANTEC TR. A;30,78
300470;2011;9;D;IRCANTEC TR. A;6,26
300470;2011;9;D;IRCANTEC TR. A;20,58
300470;2011;9;C;IRCANTEC TR. A;9,37
300470;2011;9;C;IRCANTEC TR. A;30,78
300470;2011;10;D;IRCANTEC TR. A;6,26
300470;2011;10;D;IRCANTEC TR. A;20,58
300470;2011;10;C;IRCANTEC TR. A;9,37
300470;2011;10;C;IRCANTEC TR. A;30,78
300470;2011;11;D;IRCANTEC TR. A;6,26
300470;2011;11;D;IRCANTEC TR. A;20,58
300470;2011;11;C;IRCANTEC TR. A;9,37
300470;2011;11;C;IRCANTEC TR. A;30,78
300470;2011;12;D;IRCANTEC TR. A;6,26
300470;2011;12;D;IRCANTEC TR. A;20,64
300470;2011;12;C;IRCANTEC TR. A;9,37
300470;2011;12;C;IRCANTEC TR. A;30,87
300470;2012;1;D;IRCANTEC TR. A;6,46
300470;2012;1;D;IRCANTEC TR. A;22,49
300470;2012;1;C;IRCANTEC TR. A;9,37
300470;2012;1;C;IRCANTEC TR. A;32,63
300470;2012;2;D;IRCANTEC TR. A;5,97
300470;2012;2;D;IRCANTEC TR. A;22,75
300470;2012;2;C;IRCANTEC TR. A;8,66
300470;2012;2;C;IRCANTEC TR. A;33,01
300470;2012;3;D;IRCANTEC TR. A;5,71
300470;2012;3;D;IRCANTEC TR. A;22,75
300470;2012;3;C;IRCANTEC TR. A;8,28
300470;2012;3;C;IRCANTEC TR. A;33,01
300470;2012;4;D;IRCANTEC TR. A;7,24
300470;2012;4;D;IRCANTEC TR. A;36,27
300470;2012;4;C;IRCANTEC TR. A;10,51
300470;2012;4;C;IRCANTEC TR. A;52,63
300470;2012;5;D;IRCANTEC TR. A;7,24
300470;2012;5;D;IRCANTEC TR. A;22,75
300470;2012;5;C;IRCANTEC TR. A;10,51
300470;2012;5;C;IRCANTEC TR. A;33,01
300470;2012;6;D;IRCANTEC TR. A;12,07
300470;2012;6;D;IRCANTEC TR. A;22,75
300470;2012;6;C;IRCANTEC TR. A;17,52
300470;2012;6;C;IRCANTEC TR. A;33,01
300470;2012;7;D;IRCANTEC TR. A;1,98
300470;2012;7;D;IRCANTEC TR. A;23,2
300470;2012;7;C;IRCANTEC TR. A;2,87
300470;2012;7;C;IRCANTEC TR. A;33,66
300470;2012;8;D;IRCANTEC TR. A;11,41
300470;2012;8;D;IRCANTEC TR. A;23,21
300470;2012;8;C;IRCANTEC TR. A;16,56
300470;2012;8;C;IRCANTEC TR. A;33,67
300470;2012;9;D;IRCANTEC TR. A;11,45
300470;2012;9;D;IRCANTEC TR. A;23,21
300470;2012;9;C;IRCANTEC TR. A;16,63
300470;2012;9;C;IRCANTEC TR. A;33,67
300470;2012;10;D;IRCANTEC TR. A;11,45
300470;2012;10;D;IRCANTEC TR. A;23,21
300470;2012;10;C;IRCANTEC TR. A;16,63
300470;2012;10;C;IRCANTEC TR. A;33,67
300470;2012;11;D;IRCANTEC TR. A;11,45
300470;2012;11;D;IRCANTEC TR. A;23,21
300470;2012;11;C;IRCANTEC TR. A;16,63
300470;2012;11;C;IRCANTEC TR. A;33,67
300470;2012;12;D;IRCANTEC TR. A;11,45
300470;2012;12;D;IRCANTEC TR. A;23,21
300470;2012;12;C;IRCANTEC TR. A;16,63
300470;2012;12;C;IRCANTEC TR. A;33,67
300470;2013;1;D;IRCANTEC TR. A;11,95
300470;2013;1;D;IRCANTEC TR. A;24,19
300470;2013;1;C;IRCANTEC TR. A;17,94
300470;2013;1;C;IRCANTEC TR. A;36,34
300470;2013;2;D;IRCANTEC TR. A;10,18
300470;2013;2;D;IRCANTEC TR. A;24,26
300470;2013;2;C;IRCANTEC TR. A;15,28
300470;2013;2;C;IRCANTEC TR. A;36,44
300470;2013;3;D;IRCANTEC TR. A;10,11
300470;2013;3;D;IRCANTEC TR. A;24,26
300470;2013;3;C;IRCANTEC TR. A;15,18
300470;2013;3;C;IRCANTEC TR. A;36,44
300470;2013;4;D;IRCANTEC TR. A;10,34
300470;2013;4;D;IRCANTEC TR. A;39,32
300470;2013;4;C;IRCANTEC TR. A;15,53
300470;2013;4;C;IRCANTEC TR. A;59,05
300470;2013;5;D;IRCANTEC TR. A;10,33
300470;2013;5;D;IRCANTEC TR. A;24,26
300470;2013;5;C;IRCANTEC TR. A;15,53
300470;2013;5;C;IRCANTEC TR. A;36,44
300470;2013;6;D;IRCANTEC TR. A;10,34
300470;2013;6;D;IRCANTEC TR. A;24,26
300470;2013;6;C;IRCANTEC TR. A;15,53
300470;2013;6;C;IRCANTEC TR. A;36,44
300470;2013;7;D;IRCANTEC TR. A;10,34
300470;2013;7;D;IRCANTEC TR. A;24,26
300470;2013;7;C;IRCANTEC TR. A;15,53
300470;2013;7;C;IRCANTEC TR. A;36,44
300470;2013;8;D;IRCANTEC TR. A;10,34
300470;2013;8;D;IRCANTEC TR. A;24,26
300470;2013;8;C;IRCANTEC TR. A;15,53
300470;2013;8;C;IRCANTEC TR. A;36,44
300470;2013;9;D;IRCANTEC TR. A;10,34
300470;2013;9;D;IRCANTEC TR. A;24,26
300470;2013;9;C;IRCANTEC TR. A;15,53
300470;2013;9;C;IRCANTEC TR. A;36,44
300470;2013;10;D;IRCANTEC TR. A;10,34
300470;2013;10;D;IRCANTEC TR. A;24,26
300470;2013;10;C;IRCANTEC TR. A;15,53
300470;2013;10;C;IRCANTEC TR. A;36,44
300470;2013;11;D;IRCANTEC TR. A;11,52
300470;2013;11;D;IRCANTEC TR. A;24,26
300470;2013;11;C;IRCANTEC TR. A;17,3
300470;2013;11;C;IRCANTEC TR. A;36,44
300470;2013;12;D;IRCANTEC TR. A;11,52
300470;2013;12;D;IRCANTEC TR. A;24,26
300470;2013;12;C;IRCANTEC TR. A;17,3
300470;2013;12;C;IRCANTEC TR. A;36,44
300520;2013;4;D;IRCANTEC TR. A;11,87
300520;2013;4;C;IRCANTEC TR. A;17,83
300520;2013;9;D;IRCANTEC TR. A;7,35
300520;2013;9;D;IRCANTEC TR. A;20,05
300520;2013;9;C;IRCANTEC TR. A;11,04
300520;2013;9;C;IRCANTEC TR. A;30,11
300520;2013;10;D;IRCANTEC TR. A;5,14
300520;2013;10;D;IRCANTEC TR. A;20,05
300520;2013;10;C;IRCANTEC TR. A;7,73
300520;2013;10;C;IRCANTEC TR. A;30,11
300520;2013;11;D;IRCANTEC TR. A;13,72
300520;2013;11;D;IRCANTEC TR. A;20,05
300520;2013;11;C;IRCANTEC TR. A;20,61
300520;2013;11;C;IRCANTEC TR. A;30,11
300520;2013;12;D;IRCANTEC TR. A;17,61
300520;2013;12;D;IRCANTEC TR. A;20,05
300520;2013;12;C;IRCANTEC TR. A;26,46
300520;2013;12;C;IRCANTEC TR. A;30,11
300552;2011;12;D;IRCANTEC TR. A;2,89
300552;2011;12;D;IRCANTEC TR. A;20,85
300552;2011;12;C;IRCANTEC TR. A;4,33
300552;2011;12;C;IRCANTEC TR. A;31,19
300552;2012;1;D;IRCANTEC TR. A;2,98
300552;2012;1;D;IRCANTEC TR. A;22,49
300552;2012;1;C;IRCANTEC TR. A;4,33
300552;2012;1;C;IRCANTEC TR. A;32,63
300552;2012;2;D;IRCANTEC TR. A;2,86
300552;2012;2;D;IRCANTEC TR. A;22,62
300552;2012;2;C;IRCANTEC TR. A;4,15
300552;2012;2;C;IRCANTEC TR. A;32,82
300552;2012;3;D;IRCANTEC TR. A;2,83
300552;2012;3;D;IRCANTEC TR. A;22,62
300552;2012;3;C;IRCANTEC TR. A;4,12
300552;2012;3;C;IRCANTEC TR. A;32,82
300552;2012;4;D;IRCANTEC TR. A;2,73
300552;2012;4;D;IRCANTEC TR. A;33,12
300552;2012;4;C;IRCANTEC TR. A;3,96
300552;2012;4;C;IRCANTEC TR. A;48,06
300552;2012;5;D;IRCANTEC TR. A;2,84
300552;2012;5;D;IRCANTEC TR. A;22,62
300552;2012;5;C;IRCANTEC TR. A;4,12
300552;2012;5;C;IRCANTEC TR. A;32,82
300552;2012;6;D;IRCANTEC TR. A;2,73
300552;2012;6;D;IRCANTEC TR. A;22,62
300552;2012;6;C;IRCANTEC TR. A;3,96
300552;2012;6;C;IRCANTEC TR. A;32,82
300552;2012;7;D;IRCANTEC TR. A;2,83
300552;2012;7;D;IRCANTEC TR. A;23,01
300552;2012;7;C;IRCANTEC TR. A;4,12
300552;2012;7;C;IRCANTEC TR. A;33,39
300552;2012;8;D;IRCANTEC TR. A;2,78
300552;2012;8;D;IRCANTEC TR. A;23,01
300552;2012;8;C;IRCANTEC TR. A;4,03
300552;2012;8;C;IRCANTEC TR. A;33,39
300552;2012;9;D;IRCANTEC TR. A;2,89
300552;2012;9;D;IRCANTEC TR. A;23,03
300552;2012;9;C;IRCANTEC TR. A;4,19
300552;2012;9;C;IRCANTEC TR. A;33,42
300552;2012;10;D;IRCANTEC TR. A;2,78
300552;2012;10;D;IRCANTEC TR. A;23,08
300552;2012;10;C;IRCANTEC TR. A;4,03
300552;2012;10;C;IRCANTEC TR. A;33,49
300552;2012;11;D;IRCANTEC TR. A;2,9
300552;2012;11;D;IRCANTEC TR. A;23,08
300552;2012;11;C;IRCANTEC TR. A;4,2
300552;2012;11;C;IRCANTEC TR. A;33,49
300552;2012;12;D;IRCANTEC TR. A;2,78
300552;2012;12;D;IRCANTEC TR. A;23,29
300552;2012;12;C;IRCANTEC TR. A;4,04
300552;2012;12;C;IRCANTEC TR. A;33,8
300552;2013;1;D;IRCANTEC TR. A;3,02
300552;2013;1;D;IRCANTEC TR. A;24,06
300552;2013;1;C;IRCANTEC TR. A;4,54
300552;2013;1;C;IRCANTEC TR. A;36,14
300552;2013;2;D;IRCANTEC TR. A;2,98
300552;2013;2;D;IRCANTEC TR. A;24,13
300552;2013;2;C;IRCANTEC TR. A;4,48
300552;2013;2;C;IRCANTEC TR. A;36,24
300552;2013;3;D;IRCANTEC TR. A;3,03
300552;2013;3;D;IRCANTEC TR. A;24,13
300552;2013;3;C;IRCANTEC TR. A;4,55
300552;2013;3;C;IRCANTEC TR. A;36,24
300552;2013;4;D;IRCANTEC TR. A;2,91
300552;2013;4;D;IRCANTEC TR. A;36,16
300552;2013;4;C;IRCANTEC TR. A;4,38
300552;2013;4;C;IRCANTEC TR. A;54,31
300552;2013;5;D;IRCANTEC TR. A;3,03
300552;2013;5;D;IRCANTEC TR. A;33,93
300552;2013;5;C;IRCANTEC TR. A;4,55
300552;2013;5;C;IRCANTEC TR. A;50,96
300552;2013;6;D;IRCANTEC TR. A;2,91
300552;2013;6;D;IRCANTEC TR. A;24,13
300552;2013;6;C;IRCANTEC TR. A;4,38
300552;2013;6;C;IRCANTEC TR. A;36,24
300552;2013;7;D;IRCANTEC TR. A;2,91
300552;2013;7;D;IRCANTEC TR. A;35,7
300552;2013;7;C;IRCANTEC TR. A;4,38
300552;2013;7;C;IRCANTEC TR. A;53,63
300552;2013;8;D;IRCANTEC TR. A;5,95
300552;2013;8;D;IRCANTEC TR. A;35,7
300552;2013;8;C;IRCANTEC TR. A;8,93
300552;2013;8;C;IRCANTEC TR. A;53,63
300552;2013;9;D;IRCANTEC TR. A;0,01
300552;2013;9;D;IRCANTEC TR. A;0,01
300552;2013;9;D;IRCANTEC TR. A;0,01
300552;2013;9;D;IRCANTEC TR. A;0,01
300552;2013;9;D;IRCANTEC TR. A;0,01
300552;2013;9;D;IRCANTEC TR. A;0,01
300552;2013;9;D;IRCANTEC TR. A;0,01
300552;2013;9;D;IRCANTEC TR. A;0,01
300552;2013;9;D;IRCANTEC TR. A;0,01
300552;2013;9;D;IRCANTEC TR. A;0,01
300552;2013;9;D;IRCANTEC TR. A;0,01
300552;2013;9;D;IRCANTEC TR. A;0,01
300552;2013;9;D;IRCANTEC TR. A;0,01
300552;2013;9;D;IRCANTEC TR. A;0,01
300552;2013;9;D;IRCANTEC TR. A;0,01
300552;2013;9;D;IRCANTEC TR. A;0,05
300552;2013;9;D;IRCANTEC TR. A;0,01
300552;2013;9;D;IRCANTEC TR. A;0,03
300552;2013;9;D;IRCANTEC TR. A;6,1
300552;2013;9;D;IRCANTEC TR. A;34,91
300552;2013;9;C;IRCANTEC TR. A;0,02
300552;2013;9;C;IRCANTEC TR. A;0,02
300552;2013;9;C;IRCANTEC TR. A;0,02
300552;2013;9;C;IRCANTEC TR. A;0,02
300552;2013;9;C;IRCANTEC TR. A;0,02
300552;2013;9;C;IRCANTEC TR. A;0,02
300552;2013;9;C;IRCANTEC TR. A;0,02
300552;2013;9;C;IRCANTEC TR. A;0,02
300552;2013;9;C;IRCANTEC TR. A;0,02
300552;2013;9;C;IRCANTEC TR. A;0,02
300552;2013;9;C;IRCANTEC TR. A;0,02
300552;2013;9;C;IRCANTEC TR. A;0,02
300552;2013;9;C;IRCANTEC TR. A;0,02
300552;2013;9;C;IRCANTEC TR. A;0,02
300552;2013;9;C;IRCANTEC TR. A;0,02
300552;2013;9;C;IRCANTEC TR. A;0,08
300552;2013;9;C;IRCANTEC TR. A;0,02
300552;2013;9;C;IRCANTEC TR. A;0,04
300552;2013;9;C;IRCANTEC TR. A;9,15
300552;2013;9;C;IRCANTEC TR. A;52,44
300552;2013;10;D;IRCANTEC TR. A;5,95
300552;2013;10;D;IRCANTEC TR. A;36,55
300552;2013;10;C;IRCANTEC TR. A;8,94
300552;2013;10;C;IRCANTEC TR. A;54,9
300552;2013;11;D;IRCANTEC TR. A;6,06
300552;2013;11;D;IRCANTEC TR. A;34,91
300552;2013;11;C;IRCANTEC TR. A;9,1
300552;2013;11;C;IRCANTEC TR. A;52,44
300552;2013;12;D;IRCANTEC TR. A;5,95
300552;2013;12;D;IRCANTEC TR. A;35,86
300552;2013;12;C;IRCANTEC TR. A;8,94
300552;2013;12;C;IRCANTEC TR. A;53,86
300741;2009;1;D;IRCANTEC TR. A;0,05
300741;2009;1;D;IRCANTEC TR. A;0,05
300741;2009;1;D;IRCANTEC TR. A;0,06
300741;2009;1;D;IRCANTEC TR. A;0,09
300741;2009;1;D;IRCANTEC TR. A;0,05
300741;2009;1;D;IRCANTEC TR. A;9,62
300741;2009;1;C;IRCANTEC TR. A;0,08
300741;2009;1;C;IRCANTEC TR. A;0,08
300741;2009;1;C;IRCANTEC TR. A;0,1
300741;2009;1;C;IRCANTEC TR. A;0,14
300741;2009;1;C;IRCANTEC TR. A;0,07
300741;2009;1;C;IRCANTEC TR. A;14,45
300741;2009;3;C;IRCANTEC TR. A;0,01
300902;2009;4;D;IRCANTEC TR. A;7,2
300902;2009;4;C;IRCANTEC TR. A;10,82
301000;2009;7;D;IRCANTEC TR. A;26,08
301000;2009;7;C;IRCANTEC TR. A;39,18
301000;2009;8;D;IRCANTEC TR. A;26,08
301000;2009;8;C;IRCANTEC TR. A;39,18
301000;2009;9;D;IRCANTEC TR. A;26,09
301000;2009;9;C;IRCANTEC TR. A;39,19
301000;2009;10;D;IRCANTEC TR. A;26,25
301000;2009;10;C;IRCANTEC TR. A;39,43
301000;2009;11;D;IRCANTEC TR. A;26,25
301000;2009;11;C;IRCANTEC TR. A;39,43
301000;2009;12;D;IRCANTEC TR. A;26,25
301000;2009;12;C;IRCANTEC TR. A;39,43
301000;2010;1;D;IRCANTEC TR. A;26,25
301000;2010;1;C;IRCANTEC TR. A;39,43
301000;2010;2;D;IRCANTEC TR. A;26,25
301000;2010;2;C;IRCANTEC TR. A;39,43
301000;2010;3;D;IRCANTEC TR. A;30,19
301000;2010;3;C;IRCANTEC TR. A;45,36
301000;2010;4;D;IRCANTEC TR. A;51,5
301000;2010;4;C;IRCANTEC TR. A;77,36
301000;2010;5;D;IRCANTEC TR. A;35,36
301000;2010;5;C;IRCANTEC TR. A;53,11
301000;2010;6;D;IRCANTEC TR. A;35,36
301000;2010;6;C;IRCANTEC TR. A;53,11
301000;2010;7;D;IRCANTEC TR. A;35,53
301000;2010;7;C;IRCANTEC TR. A;53,38
301000;2010;8;D;IRCANTEC TR. A;35,53
301000;2010;8;C;IRCANTEC TR. A;53,38
301000;2010;9;D;IRCANTEC TR. A;31,34
301000;2010;9;C;IRCANTEC TR. A;47,08
301000;2010;10;D;IRCANTEC TR. A;3,94
301000;2010;10;D;IRCANTEC TR. A;35,36
301000;2010;10;C;IRCANTEC TR. A;5,92
301000;2010;10;C;IRCANTEC TR. A;53,12
301000;2010;11;D;IRCANTEC TR. A;35,53
301000;2010;11;C;IRCANTEC TR. A;53,38
301000;2010;12;D;IRCANTEC TR. A;35,53
301000;2010;12;C;IRCANTEC TR. A;53,38
301000;2011;1;D;IRCANTEC TR. A;36,06
301000;2011;1;C;IRCANTEC TR. A;53,94
301000;2011;2;D;IRCANTEC TR. A;0,3
301000;2011;2;D;IRCANTEC TR. A;13,33
301000;2011;2;C;IRCANTEC TR. A;0,44
301000;2011;2;C;IRCANTEC TR. A;19,94
301000;2011;9;D;IRCANTEC TR. A;3,08
301000;2011;9;C;IRCANTEC TR. A;4,61
301000;2011;10;D;IRCANTEC TR. A;33,58
301000;2011;10;C;IRCANTEC TR. A;50,22
301000;2011;11;D;IRCANTEC TR. A;6,84
301000;2011;11;D;IRCANTEC TR. A;26,99
301000;2011;11;C;IRCANTEC TR. A;10,24
301000;2011;11;C;IRCANTEC TR. A;40,36
301000;2011;12;D;IRCANTEC TR. A;5,18
301000;2011;12;D;IRCANTEC TR. A;27,21
301000;2011;12;C;IRCANTEC TR. A;7,76
301000;2011;12;C;IRCANTEC TR. A;40,7
301000;2012;1;D;IRCANTEC TR. A;6,42
301000;2012;1;D;IRCANTEC TR. A;28,15
301000;2012;1;C;IRCANTEC TR. A;9,31
301000;2012;1;C;IRCANTEC TR. A;40,84
301000;2012;2;D;IRCANTEC TR. A;8,28
301000;2012;2;D;IRCANTEC TR. A;28,53
301000;2012;2;C;IRCANTEC TR. A;12,03
301000;2012;2;C;IRCANTEC TR. A;41,4
301000;2012;3;D;IRCANTEC TR. A;7,9
301000;2012;3;D;IRCANTEC TR. A;28,53
301000;2012;3;C;IRCANTEC TR. A;11,47
301000;2012;3;C;IRCANTEC TR. A;41,4
301000;2012;4;D;IRCANTEC TR. A;7,9
301000;2012;4;D;IRCANTEC TR. A;33,51
301000;2012;4;C;IRCANTEC TR. A;11,47
301000;2012;4;C;IRCANTEC TR. A;48,62
301000;2012;5;D;IRCANTEC TR. A;8,16
301000;2012;5;D;IRCANTEC TR. A;28,53
301000;2012;5;C;IRCANTEC TR. A;11,85
301000;2012;5;C;IRCANTEC TR. A;41,4
301000;2012;6;D;IRCANTEC TR. A;8,05
301000;2012;6;D;IRCANTEC TR. A;28,53
301000;2012;6;C;IRCANTEC TR. A;11,68
301000;2012;6;C;IRCANTEC TR. A;41,4
301000;2012;7;D;IRCANTEC TR. A;29,07
301000;2012;7;C;IRCANTEC TR. A;42,18
301000;2012;8;D;IRCANTEC TR. A;29,07
301000;2012;8;C;IRCANTEC TR. A;42,18
301000;2012;9;D;IRCANTEC TR. A;9,69
301000;2012;9;C;IRCANTEC TR. A;14,06
301000;2013;3;D;IRCANTEC TR. A;20,27
301000;2013;3;C;IRCANTEC TR. A;30,44
301000;2013;4;D;IRCANTEC TR. A;40,96
301000;2013;4;C;IRCANTEC TR. A;61,53
301000;2013;5;D;IRCANTEC TR. A;30,4
301000;2013;5;C;IRCANTEC TR. A;45,66
301000;2013;6;D;IRCANTEC TR. A;30,4
301000;2013;6;C;IRCANTEC TR. A;45,66
301000;2013;7;D;IRCANTEC TR. A;30,4
301000;2013;7;C;IRCANTEC TR. A;45,66
301000;2013;8;D;IRCANTEC TR. A;30,4
301000;2013;8;C;IRCANTEC TR. A;45,66
301000;2013;9;D;IRCANTEC TR. A;30,18
301000;2013;9;C;IRCANTEC TR. A;45,34
301000;2013;10;D;IRCANTEC TR. A;30,4
301000;2013;10;C;IRCANTEC TR. A;45,66
301000;2013;11;D;IRCANTEC TR. A;30,4
301000;2013;11;C;IRCANTEC TR. A;45,66
301000;2013;12;D;IRCANTEC TR. A;30,47
301000;2013;12;C;IRCANTEC TR. A;45,77
301042;2009;12;D;IRCANTEC TR. A;2,21
301042;2009;12;D;IRCANTEC TR. A;21,69
301042;2009;12;C;IRCANTEC TR. A;3,32
301042;2009;12;C;IRCANTEC TR. A;32,59
301042;2010;1;D;IRCANTEC TR. A;2,21
301042;2010;1;D;IRCANTEC TR. A;21,75
301042;2010;1;C;IRCANTEC TR. A;3,32
301042;2010;1;C;IRCANTEC TR. A;32,67
301042;2010;2;D;IRCANTEC TR. A;21,76
301042;2010;2;C;IRCANTEC TR. A;32,7
301042;2010;3;D;IRCANTEC TR. A;21,76
301042;2010;3;C;IRCANTEC TR. A;32,7
301042;2010;4;D;IRCANTEC TR. A;31,62
301042;2010;4;C;IRCANTEC TR. A;47,5
301042;2010;5;D;IRCANTEC TR. A;0,1
301042;2010;5;D;IRCANTEC TR. A;27,88
301042;2010;5;C;IRCANTEC TR. A;0,15
301042;2010;5;C;IRCANTEC TR. A;41,88
301042;2010;6;D;IRCANTEC TR. A;27,88
301042;2010;6;C;IRCANTEC TR. A;41,88
301042;2010;7;D;IRCANTEC TR. A;28,02
301042;2010;7;C;IRCANTEC TR. A;42,09
301042;2010;8;D;IRCANTEC TR. A;28,02
301042;2010;8;C;IRCANTEC TR. A;42,09
301042;2010;9;D;IRCANTEC TR. A;28,02
301042;2010;9;C;IRCANTEC TR. A;42,09
301042;2010;10;D;IRCANTEC TR. A;2,74
301042;2010;10;D;IRCANTEC TR. A;28,02
301042;2010;10;C;IRCANTEC TR. A;4,11
301042;2010;10;C;IRCANTEC TR. A;42,09
301042;2010;11;D;IRCANTEC TR. A;4,66
301042;2010;11;D;IRCANTEC TR. A;27,75
301042;2010;11;C;IRCANTEC TR. A;7,01
301042;2010;11;C;IRCANTEC TR. A;41,69
301042;2010;12;D;IRCANTEC TR. A;4,36
301042;2010;12;D;IRCANTEC TR. A;28,02
301042;2010;12;C;IRCANTEC TR. A;6,55
301042;2010;12;C;IRCANTEC TR. A;42,09
301042;2011;1;D;IRCANTEC TR. A;4,93
301042;2011;1;D;IRCANTEC TR. A;22,16
301042;2011;1;C;IRCANTEC TR. A;7,37
301042;2011;1;C;IRCANTEC TR. A;33,15
301042;2011;2;D;IRCANTEC TR. A;0,51
301042;2011;2;D;IRCANTEC TR. A;12,68
301042;2011;2;D;IRCANTEC TR. A;22,39
301042;2011;2;C;IRCANTEC TR. A;0,77
301042;2011;2;C;IRCANTEC TR. A;18,95
301042;2011;2;C;IRCANTEC TR. A;33,48
301042;2011;3;D;IRCANTEC TR. A;0,72
301042;2011;3;D;IRCANTEC TR. A;12,45
301042;2011;3;D;IRCANTEC TR. A;22,39
301042;2011;3;C;IRCANTEC TR. A;1,08
301042;2011;3;C;IRCANTEC TR. A;18,62
301042;2011;3;C;IRCANTEC TR. A;33,48
301042;2011;4;D;IRCANTEC TR. A;11,31
301042;2011;4;D;IRCANTEC TR. A;36,72
301042;2011;4;C;IRCANTEC TR. A;16,92
301042;2011;4;C;IRCANTEC TR. A;54,92
301042;2011;5;D;IRCANTEC TR. A;11,89
301042;2011;5;D;IRCANTEC TR. A;22,39
301042;2011;5;C;IRCANTEC TR. A;17,78
301042;2011;5;C;IRCANTEC TR. A;33,48
301042;2011;6;D;IRCANTEC TR. A;11,93
301042;2011;6;D;IRCANTEC TR. A;22,39
301042;2011;6;C;IRCANTEC TR. A;17,85
301042;2011;6;C;IRCANTEC TR. A;33,48
301042;2011;7;D;IRCANTEC TR. A;6,63
301042;2011;7;D;IRCANTEC TR. A;22,39
301042;2011;7;C;IRCANTEC TR. A;9,93
301042;2011;7;C;IRCANTEC TR. A;33,48
301042;2011;8;D;IRCANTEC TR. A;6,74
301042;2011;8;D;IRCANTEC TR. A;22,39
301042;2011;8;C;IRCANTEC TR. A;10,09
301042;2011;8;C;IRCANTEC TR. A;33,48
301042;2011;9;D;IRCANTEC TR. A;6,74
301042;2011;9;D;IRCANTEC TR. A;22,39
301042;2011;9;C;IRCANTEC TR. A;10,09
301042;2011;9;C;IRCANTEC TR. A;33,48
301042;2011;10;D;IRCANTEC TR. A;0,12
301042;2011;10;D;IRCANTEC TR. A;0,19
301042;2011;10;D;IRCANTEC TR. A;6,93
301042;2011;10;D;IRCANTEC TR. A;22,54
301042;2011;10;C;IRCANTEC TR. A;0,17
301042;2011;10;C;IRCANTEC TR. A;0,29
301042;2011;10;C;IRCANTEC TR. A;10,38
301042;2011;10;C;IRCANTEC TR. A;33,71
301042;2011;11;D;IRCANTEC TR. A;6,78
301042;2011;11;D;IRCANTEC TR. A;22,54
301042;2011;11;C;IRCANTEC TR. A;10,15
301042;2011;11;C;IRCANTEC TR. A;33,71
301042;2011;12;D;IRCANTEC TR. A;6,78
301042;2011;12;D;IRCANTEC TR. A;22,6
301042;2011;12;C;IRCANTEC TR. A;10,15
301042;2011;12;C;IRCANTEC TR. A;33,8
301042;2012;1;D;IRCANTEC TR. A;7
301042;2012;1;D;IRCANTEC TR. A;23,36
301042;2012;1;C;IRCANTEC TR. A;10,16
301042;2012;1;C;IRCANTEC TR. A;33,9
301042;2012;2;D;IRCANTEC TR. A;6,04
301042;2012;2;D;IRCANTEC TR. A;23,69
301042;2012;2;C;IRCANTEC TR. A;8,75
301042;2012;2;C;IRCANTEC TR. A;34,37
301042;2012;3;D;IRCANTEC TR. A;5,71
301042;2012;3;D;IRCANTEC TR. A;23,69
301042;2012;3;C;IRCANTEC TR. A;8,28
301042;2012;3;C;IRCANTEC TR. A;34,37
301042;2012;4;D;IRCANTEC TR. A;7,24
301042;2012;4;D;IRCANTEC TR. A;38,56
301042;2012;4;C;IRCANTEC TR. A;10,51
301042;2012;4;C;IRCANTEC TR. A;55,96
301042;2012;5;D;IRCANTEC TR. A;7,25
301042;2012;5;D;IRCANTEC TR. A;23,69
301042;2012;5;C;IRCANTEC TR. A;10,51
301042;2012;5;C;IRCANTEC TR. A;34,37
301042;2012;6;D;IRCANTEC TR. A;3,95
301042;2012;6;D;IRCANTEC TR. A;11,19
301042;2012;6;D;IRCANTEC TR. A;23,69
301042;2012;6;C;IRCANTEC TR. A;5,73
301042;2012;6;C;IRCANTEC TR. A;16,25
301042;2012;6;C;IRCANTEC TR. A;34,37
301042;2012;7;D;IRCANTEC TR. A;11,19
301042;2012;7;D;IRCANTEC TR. A;24,15
301042;2012;7;C;IRCANTEC TR. A;16,25
301042;2012;7;C;IRCANTEC TR. A;35,04
301042;2012;8;D;IRCANTEC TR. A;11,41
301042;2012;8;D;IRCANTEC TR. A;24,15
301042;2012;8;C;IRCANTEC TR. A;16,56
301042;2012;8;C;IRCANTEC TR. A;35,04
301042;2012;9;D;IRCANTEC TR. A;11,41
301042;2012;9;D;IRCANTEC TR. A;24,15
301042;2012;9;C;IRCANTEC TR. A;16,56
301042;2012;9;C;IRCANTEC TR. A;35,04
301042;2012;10;D;IRCANTEC TR. A;11,41
301042;2012;10;D;IRCANTEC TR. A;24,15
301042;2012;10;C;IRCANTEC TR. A;16,56
301042;2012;10;C;IRCANTEC TR. A;35,04
301042;2012;11;D;IRCANTEC TR. A;11,41
301042;2012;11;D;IRCANTEC TR. A;24,15
301042;2012;11;C;IRCANTEC TR. A;16,56
301042;2012;11;C;IRCANTEC TR. A;35,04
301042;2012;12;D;IRCANTEC TR. A;11,41
301042;2012;12;D;IRCANTEC TR. A;24,15
301042;2012;12;C;IRCANTEC TR. A;16,56
301042;2012;12;C;IRCANTEC TR. A;35,04
301042;2013;1;D;IRCANTEC TR. A;11,9
301042;2013;1;D;IRCANTEC TR. A;25,18
301042;2013;1;C;IRCANTEC TR. A;17,87
301042;2013;1;C;IRCANTEC TR. A;37,82
301042;2013;2;D;IRCANTEC TR. A;10,62
301042;2013;2;D;IRCANTEC TR. A;25,26
301042;2013;2;C;IRCANTEC TR. A;15,95
301042;2013;2;C;IRCANTEC TR. A;37,94
301042;2013;3;D;IRCANTEC TR. A;10,54
301042;2013;3;D;IRCANTEC TR. A;25,26
301042;2013;3;C;IRCANTEC TR. A;15,83
301042;2013;3;C;IRCANTEC TR. A;37,94
301042;2013;4;D;IRCANTEC TR. A;10,54
301042;2013;4;D;IRCANTEC TR. A;40,87
301042;2013;4;C;IRCANTEC TR. A;15,83
301042;2013;4;C;IRCANTEC TR. A;61,39
301042;2013;5;D;IRCANTEC TR. A;10,54
301042;2013;5;D;IRCANTEC TR. A;25,26
301042;2013;5;C;IRCANTEC TR. A;15,84
301042;2013;5;C;IRCANTEC TR. A;37,94
301042;2013;6;D;IRCANTEC TR. A;10,77
301042;2013;6;D;IRCANTEC TR. A;25,26
301042;2013;6;C;IRCANTEC TR. A;16,18
301042;2013;6;C;IRCANTEC TR. A;37,94
301042;2013;7;D;IRCANTEC TR. A;10,77
301042;2013;7;D;IRCANTEC TR. A;25,32
301042;2013;7;C;IRCANTEC TR. A;16,18
301042;2013;7;C;IRCANTEC TR. A;38,03
301042;2013;8;D;IRCANTEC TR. A;10,77
301042;2013;8;D;IRCANTEC TR. A;25,34
301042;2013;8;C;IRCANTEC TR. A;16,18
301042;2013;8;C;IRCANTEC TR. A;38,06
301042;2013;9;D;IRCANTEC TR. A;10,8
301042;2013;9;D;IRCANTEC TR. A;25,34
301042;2013;9;C;IRCANTEC TR. A;16,23
301042;2013;9;C;IRCANTEC TR. A;38,06
301042;2013;10;D;IRCANTEC TR. A;10,8
301042;2013;10;D;IRCANTEC TR. A;25,34
301042;2013;10;C;IRCANTEC TR. A;16,23
301042;2013;10;C;IRCANTEC TR. A;38,06
301042;2013;11;D;IRCANTEC TR. A;12,92
301042;2013;11;D;IRCANTEC TR. A;25,34
301042;2013;11;C;IRCANTEC TR. A;19,41
301042;2013;11;C;IRCANTEC TR. A;38,06
301042;2013;12;D;IRCANTEC TR. A;11,51
301042;2013;12;D;IRCANTEC TR. A;25,34
301042;2013;12;C;IRCANTEC TR. A;17,29
301042;2013;12;C;IRCANTEC TR. A;38,06
301067;2010;1;D;IRCANTEC TR. A;2,51
301067;2010;1;C;IRCANTEC TR. A;3,77
301142;2010;3;D;IRCANTEC TR. A;16,55
301142;2010;3;C;IRCANTEC TR. A;24,86
301142;2010;4;D;IRCANTEC TR. A;22,59
301142;2010;4;C;IRCANTEC TR. A;33,93
301142;2010;5;D;IRCANTEC TR. A;4,02
301142;2010;5;D;IRCANTEC TR. A;2,01
301142;2010;5;D;IRCANTEC TR. A;4,52
301142;2010;5;D;IRCANTEC TR. A;2,01
301142;2010;5;D;IRCANTEC TR. A;22,72
301142;2010;5;C;IRCANTEC TR. A;6,04
301142;2010;5;C;IRCANTEC TR. A;3,02
301142;2010;5;C;IRCANTEC TR. A;6,79
301142;2010;5;C;IRCANTEC TR. A;3,02
301142;2010;5;C;IRCANTEC TR. A;34,13
301142;2010;6;D;IRCANTEC TR. A;3,83
301142;2010;6;D;IRCANTEC TR. A;23,22
301142;2010;6;C;IRCANTEC TR. A;5,76
301142;2010;6;C;IRCANTEC TR. A;34,88
301142;2010;7;D;IRCANTEC TR. A;22,83
301142;2010;7;C;IRCANTEC TR. A;34,29
301142;2010;8;D;IRCANTEC TR. A;22,83
301142;2010;8;C;IRCANTEC TR. A;34,29
301142;2010;9;D;IRCANTEC TR. A;22,83
301142;2010;9;C;IRCANTEC TR. A;34,29
301142;2010;10;D;IRCANTEC TR. A;22,83
301142;2010;10;C;IRCANTEC TR. A;34,29
301142;2010;11;D;IRCANTEC TR. A;0,61
301142;2010;11;D;IRCANTEC TR. A;22,71
301142;2010;11;C;IRCANTEC TR. A;0,92
301142;2010;11;C;IRCANTEC TR. A;34,11
301142;2010;12;D;IRCANTEC TR. A;3,04
301142;2010;12;D;IRCANTEC TR. A;22,83
301142;2010;12;C;IRCANTEC TR. A;4,57
301142;2010;12;C;IRCANTEC TR. A;34,29
301142;2011;1;D;IRCANTEC TR. A;23,13
301142;2011;1;C;IRCANTEC TR. A;34,6
301142;2011;2;D;IRCANTEC TR. A;0,22
301142;2011;2;D;IRCANTEC TR. A;23,35
301142;2011;2;C;IRCANTEC TR. A;0,33
301142;2011;2;C;IRCANTEC TR. A;34,93
301142;2011;3;D;IRCANTEC TR. A;2,57
301142;2011;3;D;IRCANTEC TR. A;4,67
301142;2011;3;D;IRCANTEC TR. A;3,64
301142;2011;3;D;IRCANTEC TR. A;23,35
301142;2011;3;C;IRCANTEC TR. A;3,84
301142;2011;3;C;IRCANTEC TR. A;6,98
301142;2011;3;C;IRCANTEC TR. A;5,43
301142;2011;3;C;IRCANTEC TR. A;34,93
301142;2011;4;D;IRCANTEC TR. A;2,6
301142;2011;4;D;IRCANTEC TR. A;35,73
301142;2011;4;C;IRCANTEC TR. A;3,88
301142;2011;4;C;IRCANTEC TR. A;53,44
301142;2011;5;D;IRCANTEC TR. A;3,11
301142;2011;5;D;IRCANTEC TR. A;23,35
301142;2011;5;C;IRCANTEC TR. A;4,65
301142;2011;5;C;IRCANTEC TR. A;34,93
301142;2011;6;D;IRCANTEC TR. A;23,35
301142;2011;6;C;IRCANTEC TR. A;34,93
301142;2011;7;D;IRCANTEC TR. A;23,35
301142;2011;7;C;IRCANTEC TR. A;34,93
301142;2011;8;D;IRCANTEC TR. A;23,35
301142;2011;8;C;IRCANTEC TR. A;34,93
301142;2011;9;D;IRCANTEC TR. A;23,35
301142;2011;9;C;IRCANTEC TR. A;34,93
301142;2011;10;D;IRCANTEC TR. A;17,93
301142;2011;10;C;IRCANTEC TR. A;26,81
301142;2011;11;D;IRCANTEC TR. A;5,91
301142;2011;11;D;IRCANTEC TR. A;25,21
301142;2011;11;C;IRCANTEC TR. A;8,85
301142;2011;11;C;IRCANTEC TR. A;37,7
301142;2011;12;D;IRCANTEC TR. A;21,89
301142;2011;12;C;IRCANTEC TR. A;32,74
301142;2012;1;D;IRCANTEC TR. A;18,36
301142;2012;1;C;IRCANTEC TR. A;26,65
301142;2012;2;D;IRCANTEC TR. A;4,7
301142;2012;2;D;IRCANTEC TR. A;18,9
301142;2012;2;C;IRCANTEC TR. A;6,81
301142;2012;2;C;IRCANTEC TR. A;27,43
301142;2012;3;D;IRCANTEC TR. A;10,12
301142;2012;3;D;IRCANTEC TR. A;18,9
301142;2012;3;C;IRCANTEC TR. A;14,68
301142;2012;3;C;IRCANTEC TR. A;27,43
301142;2012;4;D;IRCANTEC TR. A;31,51
301142;2012;4;C;IRCANTEC TR. A;45,72
301142;2012;5;D;IRCANTEC TR. A;3,66
301142;2012;5;D;IRCANTEC TR. A;18,96
301142;2012;5;C;IRCANTEC TR. A;5,32
301142;2012;5;C;IRCANTEC TR. A;27,51
301142;2012;6;D;IRCANTEC TR. A;16,51
301142;2012;6;D;IRCANTEC TR. A;19,56
301142;2012;6;C;IRCANTEC TR. A;23,97
301142;2012;6;C;IRCANTEC TR. A;28,39
301142;2012;7;D;IRCANTEC TR. A;16,02
301142;2012;7;D;IRCANTEC TR. A;20,4
301142;2012;7;C;IRCANTEC TR. A;23,25
301142;2012;7;C;IRCANTEC TR. A;29,61
301142;2012;8;D;IRCANTEC TR. A;11,19
301142;2012;8;D;IRCANTEC TR. A;19,28
301142;2012;8;C;IRCANTEC TR. A;16,23
301142;2012;8;C;IRCANTEC TR. A;27,98
301142;2012;9;D;IRCANTEC TR. A;9,01
301142;2012;9;D;IRCANTEC TR. A;19,28
301142;2012;9;C;IRCANTEC TR. A;13,07
301142;2012;9;C;IRCANTEC TR. A;27,98
301142;2012;10;D;IRCANTEC TR. A;8,28
301142;2012;10;D;IRCANTEC TR. A;19,28
301142;2012;10;C;IRCANTEC TR. A;12,01
301142;2012;10;C;IRCANTEC TR. A;27,98
301142;2012;11;D;IRCANTEC TR. A;6,21
301142;2012;11;D;IRCANTEC TR. A;19,28
301142;2012;11;C;IRCANTEC TR. A;9,01
301142;2012;11;C;IRCANTEC TR. A;27,98
301142;2012;12;D;IRCANTEC TR. A;6,21
301142;2012;12;D;IRCANTEC TR. A;19,28
301142;2012;12;C;IRCANTEC TR. A;9,01
301142;2012;12;C;IRCANTEC TR. A;27,98
301142;2013;1;D;IRCANTEC TR. A;8,28
301142;2013;1;D;IRCANTEC TR. A;20,11
301142;2013;1;C;IRCANTEC TR. A;12,44
301142;2013;1;C;IRCANTEC TR. A;30,2
301142;2013;2;D;IRCANTEC TR. A;8,37
301142;2013;2;D;IRCANTEC TR. A;20,16
301142;2013;2;C;IRCANTEC TR. A;12,57
301142;2013;2;C;IRCANTEC TR. A;30,28
301142;2013;3;D;IRCANTEC TR. A;6,85
301142;2013;3;D;IRCANTEC TR. A;20,16
301142;2013;3;C;IRCANTEC TR. A;10,29
301142;2013;3;C;IRCANTEC TR. A;30,28
301142;2013;4;D;IRCANTEC TR. A;7,32
301142;2013;4;D;IRCANTEC TR. A;33,01
301142;2013;4;C;IRCANTEC TR. A;11
301142;2013;4;C;IRCANTEC TR. A;49,58
301142;2013;5;D;IRCANTEC TR. A;9,66
301142;2013;5;D;IRCANTEC TR. A;20,16
301142;2013;5;C;IRCANTEC TR. A;14,52
301142;2013;5;C;IRCANTEC TR. A;30,28
301142;2013;6;D;IRCANTEC TR. A;10,78
301142;2013;6;D;IRCANTEC TR. A;20,16
301142;2013;6;C;IRCANTEC TR. A;16,19
301142;2013;6;C;IRCANTEC TR. A;30,28
301142;2013;7;D;IRCANTEC TR. A;17,76
301142;2013;7;D;IRCANTEC TR. A;37,92
301142;2013;7;C;IRCANTEC TR. A;26,68
301142;2013;7;C;IRCANTEC TR. A;56,96
301142;2013;8;D;IRCANTEC TR. A;0,26
301142;2013;8;D;IRCANTEC TR. A;29,26
301142;2013;8;C;IRCANTEC TR. A;0,38
301142;2013;8;C;IRCANTEC TR. A;43,95
301142;2013;9;D;IRCANTEC TR. A;0,01
301142;2013;9;D;IRCANTEC TR. A;0,01
301142;2013;9;D;IRCANTEC TR. A;0,01
301142;2013;9;D;IRCANTEC TR. A;0,01
301142;2013;9;D;IRCANTEC TR. A;0,01
301142;2013;9;D;IRCANTEC TR. A;0,01
301142;2013;9;D;IRCANTEC TR. A;0,01
301142;2013;9;D;IRCANTEC TR. A;0,01
301142;2013;9;D;IRCANTEC TR. A;0,01
301142;2013;9;D;IRCANTEC TR. A;0,01
301142;2013;9;D;IRCANTEC TR. A;0,01
301142;2013;9;D;IRCANTEC TR. A;0,01
301142;2013;9;D;IRCANTEC TR. A;0,01
301142;2013;9;D;IRCANTEC TR. A;0,01
301142;2013;9;D;IRCANTEC TR. A;0,01
301142;2013;9;D;IRCANTEC TR. A;0,01
301142;2013;9;D;IRCANTEC TR. A;0,01
301142;2013;9;D;IRCANTEC TR. A;0,01
301142;2013;9;D;IRCANTEC TR. A;0,01
301142;2013;9;D;IRCANTEC TR. A;0,01
301142;2013;9;D;IRCANTEC TR. A;35,86
301142;2013;9;C;IRCANTEC TR. A;0,01
301142;2013;9;C;IRCANTEC TR. A;0,01
301142;2013;9;C;IRCANTEC TR. A;0,01
301142;2013;9;C;IRCANTEC TR. A;0,01
301142;2013;9;C;IRCANTEC TR. A;0,01
301142;2013;9;C;IRCANTEC TR. A;0,01
301142;2013;9;C;IRCANTEC TR. A;0,01
301142;2013;9;C;IRCANTEC TR. A;0,01
301142;2013;9;C;IRCANTEC TR. A;0,01
301142;2013;9;C;IRCANTEC TR. A;0,01
301142;2013;9;C;IRCANTEC TR. A;0,01
301142;2013;9;C;IRCANTEC TR. A;0,01
301142;2013;9;C;IRCANTEC TR. A;0,02
301142;2013;9;C;IRCANTEC TR. A;0,02
301142;2013;9;C;IRCANTEC TR. A;0,01
301142;2013;9;C;IRCANTEC TR. A;0,01
301142;2013;9;C;IRCANTEC TR. A;0,01
301142;2013;9;C;IRCANTEC TR. A;0,02
301142;2013;9;C;IRCANTEC TR. A;0,02
301142;2013;9;C;IRCANTEC TR. A;0,01
301142;2013;9;C;IRCANTEC TR. A;53,87
301142;2013;10;D;IRCANTEC TR. A;2,01
301142;2013;10;D;IRCANTEC TR. A;2,07
301142;2013;10;D;IRCANTEC TR. A;38,78
301142;2013;10;C;IRCANTEC TR. A;3,03
301142;2013;10;C;IRCANTEC TR. A;3,11
301142;2013;10;C;IRCANTEC TR. A;58,25
301142;2013;11;D;IRCANTEC TR. A;33,2
301142;2013;11;C;IRCANTEC TR. A;49,87
301142;2013;12;D;IRCANTEC TR. A;33,9
301142;2013;12;C;IRCANTEC TR. A;50,93
