Code;Libelle;Statut;Type;Compte
;;AUTRE_STATUT;;""
;;NON_TITULAIRE;;""
;;ELU;;""
7210;REMB. FRAIS DE MISSION;TITULAIRE;Autres rémunérations;""
7231;REMB. FRAIS STATIONNEMENT;TITULAIRE;Autres rémunérations;""
7231;REMB STATIONNEMENT;TITULAIRE;Autres rémunérations;""
7231;REMB STATION AVRI-MAI;TITULAIRE;Autres rémunérations;""
7231;REMB STATION JUILLET;TITULAIRE;Autres rémunérations;""
7231;REMB.STATION MARS-AVRIL;TITULAIRE;Autres rémunérations;""
7231;REMB STATION MAI-JUIN;TITULAIRE;Autres rémunérations;""
7231;REMB STATION SEPT;TITULAIRE;Autres rémunérations;""
7231;REMB STATION OCT-NOV-DEC;TITULAIRE;Autres rémunérations;""
7231;REMB STATION JANV-FEV;TITULAIRE;Autres rémunérations;""
7231;REMB STATION MARS-AVRIL-MAI;TITULAIRE;Autres rémunérations;""
7231;REMB STATION SEPT-OCT;TITULAIRE;Autres rémunérations;""
7231;REMB.STATION AVRIL-MAI-JUIN;TITULAIRE;Autres rémunérations;""
7231;REMB STATION NOV-DEC;TITULAIRE;Autres rémunérations;""
7231;REMB STATION MARS-AVRIL;TITULAIRE;Autres rémunérations;""
7211;REMB. FRAIS MISSION PERMANENT;TITULAIRE;Autres rémunérations;""
7211;REMB. FRAIS MISSION PERMANENT;STAGIAIRE;Autres rémunérations;""
7211;REMB. FRAIS TRANSP. PUB.;TITULAIRE;Autres rémunérations;""
7211;REMB. FRAIS TRANSPORTS PUBLICS;TITULAIRE;Autres rémunérations;""
7211;REMB. FRAIS TRANSPORT PUBLIC;TITULAIRE;Autres rémunérations;""
7211;REMB. TRANSPORTS PUBLICS;TITULAIRE;Autres rémunérations;""
7211;REMB. FRAIS MTRANSPORTS PUBLICS;TITULAIRE;Autres rémunérations;""
7211;REMB TRANSPORT PUBLIC;TITULAIRE;Autres rémunérations;""
7231;REMB STATION DEC-JANV;TITULAIRE;Autres rémunérations;""
7231;REMB STATION SEPT-OCT-NOV-DEC;TITULAIRE;Autres rémunérations;""
7231;REMB STATION JANV-FEV-MARS;TITULAIRE;Autres rémunérations;""
7231;REMB STATION AVRIL-MAI-JUIN;TITULAIRE;Autres rémunérations;""
7600;ALLOC. ENFANTS HANDICAP.;TITULAIRE;Autres rémunérations;""
7231;REMB STATION JUILLET-AOUT;TITULAIRE;Autres rémunérations;""
7231;REMB STATION SEPTEMBRE-OCTOBRE;TITULAIRE;Autres rémunérations;""
7231;REMB.JUILLET A AOUT;TITULAIRE;Autres rémunérations;""
7231;REMB STATION OCT-NOV;TITULAIRE;Autres rémunérations;""
7210;REMB. FRAIS DE MISSION;STAGIAIRE;Autres rémunérations;""
7231;REMB STATION AOUT-SEPTEMBRE;TITULAIRE;Autres rémunérations;""
7231;REMB. STATIONNEMENT AVRIL+MAI;TITULAIRE;Autres rémunérations;""
7231;REMB STATION JUILLET-SEPTEMBRE;TITULAIRE;Autres rémunérations;""
7231;REMB. JUILLET-SEPT;TITULAIRE;Autres rémunérations;""
7231;REMB STATION AVRIL A SEPTEMBRE;TITULAIRE;Autres rémunérations;""
7231;REMB STATION SEPT-DEC 12;TITULAIRE;Autres rémunérations;""
7231;REMB STATION JUILLET-AOUT-SEPTEMBRE;TITULAIRE;Autres rémunérations;""
7231;REMB STATION OCT-NOV-DEC;NON_TITULAIRE;Autres rémunérations;""
7231;REMB STATION FEV-MARS;TITULAIRE;Autres rémunérations;""
7231;REMB STATION SEPT-OCT-NOV;TITULAIRE;Autres rémunérations;""
7231;REMB. FRAIS STATIONNEMENT;STAGIAIRE;Autres rémunérations;""
7231;REMB STATION MAI-JUIN;STAGIAIRE;Autres rémunérations;""
7231;REMB.JUILLET A SEPT;TITULAIRE;Autres rémunérations;""
7231;REMB STATION OCT A DEC;TITULAIRE;Autres rémunérations;""
7231;REMB STATION AOUT-SEPT;TITULAIRE;Autres rémunérations;""
7231;REMB STATION JUIL-AOUT;TITULAIRE;Autres rémunérations;""
7231;REMB STATION JUIL-AOUT-SEPT;TITULAIRE;Autres rémunérations;""
7211;REMB. FRAISTRANSPORTS PUBLICS;TITULAIRE;Autres rémunérations;""
7231;REMB.STATION AVRIL-MAI;TITULAIRE;Autres rémunérations;""
7231;REMB STATIONNEMENT JUIN;TITULAIRE;Autres rémunérations;""
7231;REMB STATIONNEMENT JUIN, JUILLET,AOUT;TITULAIRE;Autres rémunérations;""
7231;REMB STATION AVRIL;TITULAIRE;Autres rémunérations;""
7232;FRAIS TRANSPORT UPC BAINS;TITULAIRE;Autres rémunérations;""
7231;REMB STATION AVRIL-MAI;TITULAIRE;Autres rémunérations;""
7231;REMB STATION SEPT A DEC;TITULAIRE;Autres rémunérations;""
7231;REMB STATION AOUT A DECEMBRE;TITULAIRE;Autres rémunérations;""
7211;REMB. FRAIS TRANPORTS PUBLICS;TITULAIRE;Autres rémunérations;""
7211;REMB.TRANSPORTS PUBLICS;TITULAIRE;Autres rémunérations;""
7231;REMB STATION JUIN-JUILLET;TITULAIRE;Autres rémunérations;""
7231;REMB STATIONNEMENT MARS+AVRIL;TITULAIRE;Autres rémunérations;""
7231;REMB. JUILLET A AOUT;TITULAIRE;Autres rémunérations;""
7231;REMB STATION SEPT-OCT;STAGIAIRE;Autres rémunérations;""
7231;REMB STATION NOV-DEC;STAGIAIRE;Autres rémunérations;""
7211;REMB.TRANSPORT PUBLIC;TITULAIRE;Autres rémunérations;""
7231;REMB. STATION AVRIL-MAI;TITULAIRE;Autres rémunérations;""
7231;REMB STATION JANVIER A JUIN;TITULAIRE;Autres rémunérations;""
7231;REMB STATION JUIL-SEPT A DEC;TITULAIRE;Autres rémunérations;""
7211;REMB. FRAIS MISSION 2012;TITULAIRE;Autres rémunérations;""
7211;REMB. FRAIS MISSION 2010;TITULAIRE;Autres rémunérations;""
7211;REMB. FRAIS MISSION 2011;TITULAIRE;Autres rémunérations;""
7211;REMB. FRAIS TRANSPORT;AUTRE_STATUT;Autres rémunérations;""
7211;REMB. FRAIS TRANSPORTS PUBLICS;AUTRE_STATUT;Autres rémunérations;""
7211;REMB. FRAIS TRANSPORTS;TITULAIRE;Autres rémunérations;""
7231;REMB STATIONNEMENT JUILLET;TITULAIRE;Autres rémunérations;""
7210;REMB. FRAIS DE MISSION;NON_TITULAIRE;Autres rémunérations;""
7231;REMB STATION FEV-MARS-AVRIL;TITULAIRE;Autres rémunérations;""
7211;DED PART MUT EMPLOYEUR;TITULAIRE;Autres rémunérations;""
7211;REMB FRAIS TRANSPORT PUBLIC;TITULAIRE;Autres rémunérations;""
7231;FRAIS STATIONNEMENT MARS+AVRIL;TITULAIRE;Autres rémunérations;""
7231;REMB STATION AOUT-SEPT-OCT;TITULAIRE;Autres rémunérations;""
7231;REMB. JUILLET A SEPT;TITULAIRE;Autres rémunérations;""
7231;REMB TRANSPORT PUBLIC;TITULAIRE;Autres rémunérations;""
7211;REMB. FRAIS DE TRANSPORTS PUBLICS;AUTRE_STATUT;Autres rémunérations;""
7211;REMB. TRANSPORTS PUBLICS;AUTRE_STATUT;Autres rémunérations;""
7232;FRAIS TRANSPORT UPC BAINS;NON_TITULAIRE;Autres rémunérations;""
7233;FRAIS TRANSP JOUR UPC BAINS;TITULAIRE;Autres rémunérations;""
7211;REMB. FRAIS MISSION PERMANENT;NON_TITULAIRE;Autres rémunérations;""
7231;REMB. FRAIS STATIONNEMENT;NON_TITULAIRE;Autres rémunérations;""
7231;REMB STATION MAI-JUIN;NON_TITULAIRE;Autres rémunérations;""
7231;REMB STATION JUILLET-AOUT-SEPTEMBRE;NON_TITULAIRE;Autres rémunérations;""
7231;REMB STATION JANV-FEV-MARS;NON_TITULAIRE;Autres rémunérations;""
7231;REMB STATION AVRIL-MAI-JUIN;NON_TITULAIRE;Autres rémunérations;""
7211;REMB VISITE PL;NON_TITULAIRE;Autres rémunérations;""
7231;REMB. JUILLET A SEPT;NON_TITULAIRE;Autres rémunérations;""
7231;REMB STATION OCT A DEC;STAGIAIRE;Autres rémunérations;""
7231;REMB STATION JUILLET+AOUT+SEPTEMBRE;TITULAIRE;Autres rémunérations;""
7231;REMB STATION DEC-JANV-FEV-MARS;TITULAIRE;Autres rémunérations;""
7231;REMB STATION JANV A JUIN;TITULAIRE;Autres rémunérations;""
7231;REMB STATION JUILLET A DECEMBRE;TITULAIRE;Autres rémunérations;""
7231;REMB STATION JUILLET-AOUT;STAGIAIRE;Autres rémunérations;""
7231;REMB STATION OCT-NOV-DEC;STAGIAIRE;Autres rémunérations;""
7231;REMB STATION JANV-FEV;STAGIAIRE;Autres rémunérations;""
7211;REMB. FRAIS MISSION PERMANENT;AUTRE_STATUT;Autres rémunérations;""
7231;REMB.STATION. AVRIL-MAI-JUIN;TITULAIRE;Autres rémunérations;""
7231;REMB STATION FEVRIER-MARS-AVRIL;NON_TITULAIRE;Autres rémunérations;""
7231;REMB STATIONNEMENT FEV A AVRIL;TITULAIRE;Autres rémunérations;""
7231;REMB STATION OCT-NOV-DEC 12;TITULAIRE;Autres rémunérations;""
7231;REMB.STATION AVRIL-MAI-JUIN;STAGIAIRE;Autres rémunérations;""
7231;REMB STATION OCT-DEC;TITULAIRE;Autres rémunérations;""
7231;REMB. JUILLET-AOUT;TITULAIRE;Autres rémunérations;""
7231;REMB. FRAIS STATIONNEMENT JUILLET AOUT;NON_TITULAIRE;Autres rémunérations;""
7231;REMB STATION SEPT-OCT;NON_TITULAIRE;Autres rémunérations;""
7231;REMB STATION NOV-DEC;NON_TITULAIRE;Autres rémunérations;""
7231;REMB STATION SEPT-OCT-NOV-DEC;STAGIAIRE;Autres rémunérations;""
7231;REMB STATION JANV-FEV-MARS;STAGIAIRE;Autres rémunérations;""
7231;REMB STATION AVRIL-MAI-JUIN;STAGIAIRE;Autres rémunérations;""
7231;REMB STATION AVRIL A AOUT;EMPLOI_AIDE;Autres rémunérations;""
7231;REMB. FRAIS STATIONNEMENT;EMPLOI_AIDE;Autres rémunérations;""
7231;REMB STATION NOV-DEC;EMPLOI_AIDE;Autres rémunérations;""
7211;REMB FRAIS STATIONNEMENT;STAGIAIRE;Autres rémunérations;""
7231;REMB STATION JUIL-AOUT-SEPT;STAGIAIRE;Autres rémunérations;""
7231;REMB STATION JANV-FEV;NON_TITULAIRE;Autres rémunérations;""
7231;REMB STATION JUILLET;NON_TITULAIRE;Autres rémunérations;""
7231;REMB STATION AOUT-SEPT;NON_TITULAIRE;Autres rémunérations;""
7231;REMB STATION OCT-NOV;NON_TITULAIRE;Autres rémunérations;""
4701;AVANTAGE EN NATURE A.M;AUTRE_STATUT;Avantage en nature;""
4715;AVANTAGE NATURE LOGEMENT            CALC;TITULAIRE;Avantage en nature;""
4710;AVANTAGE NATURE LOGEMENT              MS;TITULAIRE;Avantage en nature;""
4705;AVANTAGES EN NATURE REPAS JUIN;NON_TITULAIRE;Avantage en nature;""
4705;AVANTAGES EN NATURE REPAS JUILLET;NON_TITULAIRE;Avantage en nature;""
4715;AVANTAGE NATURE LOGEMENT            CALC;STAGIAIRE;Avantage en nature;""
4705;AVANTAGES EN NATURE REPAS;NON_TITULAIRE;Avantage en nature;""
6000;___ CHARGES PATRONALES___;ELU;Cotisations;""
6320;IRCANTEC TR. A  ELUS;ELU;Cotisations;""
6000;___ CHARGES PATRONALES___;TITULAIRE;Cotisations;""
6050;S.S. MALADIE VEUVAGE TOTALITE RM;TITULAIRE;Cotisations;""
6070;S.S. ALLOCATIONS FAMILIALES RM;TITULAIRE;Cotisations;""
6090;S.S. F.N.A.L. RM;TITULAIRE;Cotisations;""
6100;S.S. TRANSPORT RM;TITULAIRE;Cotisations;""
6101;COTISATION SOLIDARITE AUTONOMIE RM PP;TITULAIRE;Cotisations;""
6132;FNAL SUPPLEMENTAIRE RM;TITULAIRE;Cotisations;""
6150;RAFP COTISATIONS PART PATRONALE;TITULAIRE;Cotisations;""
6200;CNRACL;TITULAIRE;Cotisations;""
6205;CNRACL A.T.I.;TITULAIRE;Cotisations;""
6210;CNRACL F.C.C.P.A.;TITULAIRE;Cotisations;""
6880;CENTRE DE GESTION RM;TITULAIRE;Cotisations;""
6890;C.N.F.P.T. RM;TITULAIRE;Cotisations;""
6880;CDG PART OBLIGATOIRE;TITULAIRE;Cotisations;""
6143;FNAL SUPPLEMENTAIRE PLAFONNEE RM;TITULAIRE;Cotisations;""
810A;COTISATION PAT INVALIDITE MNT;TITULAIRE;Cotisations;""
810C;COTISATIONS PATRONALES INV PRIMES;TITULAIRE;Cotisations;""
810Z;TAXE SUR PRESTATION PREVOYANCE;TITULAIRE;Cotisations;""
6208;CNRACL SUR NBI PP;TITULAIRE;Cotisations;""
810Z;FORFAIT SOCIAL 8%;TITULAIRE;Cotisations;""
815A;PART MUTUELLE EMPLOYEUR;TITULAIRE;Cotisations;""
815B;PART MUTUELLE EMPLOYEUR;TITULAIRE;Cotisations;""
6202;CNRACL TPARTIEL EQUIV TPLEIN;TITULAIRE;Cotisations;""
6206;CNRACL ATI TPARTIEL EQUIV TPLEIN;TITULAIRE;Cotisations;""
6211;CNRACL FCCPA TPARTIEL EQUIV TPLEIN;TITULAIRE;Cotisations;""
6000;___ CHARGES PATRONALES___;NON_TITULAIRE;Cotisations;""
6055;S.S. MALADIE VEUVAGE TOTALITE RG;NON_TITULAIRE;Cotisations;""
6060;S.S. VIEILLESSE PLAFONNEE RG;NON_TITULAIRE;Cotisations;""
6065;S.S. VIEILLESSE TOTALITE RG;NON_TITULAIRE;Cotisations;""
6075;S.S. ALLOCATIONS FAMILIALES RG;NON_TITULAIRE;Cotisations;""
6080;S.S. ACCIDENT DU TRAVAIL RG;NON_TITULAIRE;Cotisations;""
6095;S.S. F.N.A.L. RG;NON_TITULAIRE;Cotisations;""
6105;S.S. TRANSPORT RG;NON_TITULAIRE;Cotisations;""
6109;CONTRIBUTION SOLIDARITE AUTONOMIE RG PP;NON_TITULAIRE;Cotisations;""
6134;FNAL SUPPLEMENTAIRE RG;NON_TITULAIRE;Cotisations;""
6300;IRCANTEC TR. A;NON_TITULAIRE;Cotisations;""
6500;ASSEDIC TR. A;NON_TITULAIRE;Cotisations;""
6885;CENTRE DE GESTION RG;NON_TITULAIRE;Cotisations;""
6895;C.N.F.P.T. RG;NON_TITULAIRE;Cotisations;""
401I;COT PAT AIDE VAC   AFF;NON_TITULAIRE;Cotisations;""
6109;CONTRIBUTION SOL. AUT. RG PP;NON_TITULAIRE;Cotisations;""
6500;POLE EMPLOI TR. A;NON_TITULAIRE;Cotisations;""
6885;CDG PART OBLIGATOIRE;NON_TITULAIRE;Cotisations;""
6144;FNAL SUPPLEMENTAIRE PLAFONNEE RG;NON_TITULAIRE;Cotisations;""
401H;C TISATION SUR CHEQUES VACANCES;TITULAIRE;Cotisations;""
6000;___ CHARGES PATRONALES___;STAGIAIRE;Cotisations;""
6050;S.S. MALADIE VEUVAGE TOTALITE RM;STAGIAIRE;Cotisations;""
6070;S.S. ALLOCATIONS FAMILIALES RM;STAGIAIRE;Cotisations;""
6090;S.S. F.N.A.L. RM;STAGIAIRE;Cotisations;""
6100;S.S. TRANSPORT RM;STAGIAIRE;Cotisations;""
6101;COTISATION SOLIDARITE AUTONOMIE RM PP;STAGIAIRE;Cotisations;""
6143;FNAL SUPPLEMENTAIRE PLAFONNEE RM;STAGIAIRE;Cotisations;""
6150;RAFP COTISATIONS PART PATRONALE;STAGIAIRE;Cotisations;""
6200;CNRACL;STAGIAIRE;Cotisations;""
6205;CNRACL A.T.I.;STAGIAIRE;Cotisations;""
6880;CDG PART OBLIGATOIRE;STAGIAIRE;Cotisations;""
6890;C.N.F.P.T. RM;STAGIAIRE;Cotisations;""
6000;___ CHARGES PATRONALES___;AUTRE_STATUT;Cotisations;""
6055;S.S. MALADIE VEUVAGE TOTALITE RG;AUTRE_STATUT;Cotisations;""
6060;S.S. VIEILLESSE PLAFONNEE RG;AUTRE_STATUT;Cotisations;""
6065;S.S. VIEILLESSE TOTALITE RG;AUTRE_STATUT;Cotisations;""
6075;S.S. ALLOCATIONS FAMILIALES RG;AUTRE_STATUT;Cotisations;""
6080;S.S. ACCIDENT DU TRAVAIL RG;AUTRE_STATUT;Cotisations;""
6095;S.S. F.N.A.L. RG;AUTRE_STATUT;Cotisations;""
6105;S.S. TRANSPORT RG;AUTRE_STATUT;Cotisations;""
6109;CONTRIBUTION SOL. AUT. RG PP;AUTRE_STATUT;Cotisations;""
6144;FNAL SUPPLEMENTAIRE PLAFONNEE RG;AUTRE_STATUT;Cotisations;""
6300;IRCANTEC TR. A;AUTRE_STATUT;Cotisations;""
6500;POLE EMPLOI TR. A;AUTRE_STATUT;Cotisations;""
6885;CDG PART OBLIGATOIRE;AUTRE_STATUT;Cotisations;""
6895;C.N.F.P.T. RG;AUTRE_STATUT;Cotisations;""
6510;REGUL. POLE EMPLOI PAT.;AUTRE_STATUT;Cotisations;""
815T;MNT INVALIDITE PAT. IND.;TITULAIRE;Cotisations;""
401H;C TISATION SUR CHEQUES VACANCES;NON_TITULAIRE;Cotisations;""
6132;FNAL SUPPLEMENTAIRE RM;STAGIAIRE;Cotisations;""
6210;CNRACL F.C.C.P.A.;STAGIAIRE;Cotisations;""
6880;CENTRE DE GESTION RM;STAGIAIRE;Cotisations;""
810A;COTISATION PAT INVALIDITE MNT;STAGIAIRE;Cotisations;""
810C;COTISATIONS PATRONALES INV PRIMES;STAGIAIRE;Cotisations;""
810Z;TAXE SUR PRESTATION PREVOYANCE;STAGIAIRE;Cotisations;""
6305;IRCANTEC TR. B;NON_TITULAIRE;Cotisations;""
6154;FNAL SUPP. AU DESSUS PLAFOND RM;TITULAIRE;Cotisations;""
6055;S.S. MALADIE VEUVAGE TOTALITE RG;TITULAIRE;Cotisations;""
6060;S.S. VIEILLESSE PLAFONNEE RG;TITULAIRE;Cotisations;""
6065;S.S. VIEILLESSE TOTALITE RG;TITULAIRE;Cotisations;""
6075;S.S. ALLOCATIONS FAMILIALES RG;TITULAIRE;Cotisations;""
6080;S.S. ACCIDENT DU TRAVAIL RG;TITULAIRE;Cotisations;""
6095;S.S. F.N.A.L. RG;TITULAIRE;Cotisations;""
6105;S.S. TRANSPORT RG;TITULAIRE;Cotisations;""
6109;CONTRIBUTION SOLIDARITE AUTONOMIE RG PP;TITULAIRE;Cotisations;""
6134;FNAL SUPPLEMENTAIRE RG;TITULAIRE;Cotisations;""
6300;IRCANTEC TR. A;TITULAIRE;Cotisations;""
6885;CENTRE DE GESTION RG;TITULAIRE;Cotisations;""
6895;C.N.F.P.T. RG;TITULAIRE;Cotisations;""
401I;COT PAT AIDE VAC   AFF;TITULAIRE;Cotisations;""
6109;CONTRIBUTION SOL. AUT. RG PP;TITULAIRE;Cotisations;""
6885;CDG PART OBLIGATOIRE;TITULAIRE;Cotisations;""
6144;FNAL SUPPLEMENTAIRE PLAFONNEE RG;TITULAIRE;Cotisations;""
815A;PART MUTUELLE EMPLOYEUR;STAGIAIRE;Cotisations;""
815B;PART MUTUELLE EMPLOYEUR;STAGIAIRE;Cotisations;""
6208;CNRACL SUR NBI PP;STAGIAIRE;Cotisations;""
815T;MNT INVALIDITE PAT. IND.;STAGIAIRE;Cotisations;""
810Z;FORFAIT SOCIAL 8%;STAGIAIRE;Cotisations;""
6050;S.S. MALADIE VEUVAGE TOTALITE RM;NON_TITULAIRE;Cotisations;""
6070;S.S. ALLOCATIONS FAMILIALES RM;NON_TITULAIRE;Cotisations;""
6090;S.S. F.N.A.L. RM;NON_TITULAIRE;Cotisations;""
6100;S.S. TRANSPORT RM;NON_TITULAIRE;Cotisations;""
6101;COTISATION SOLIDARITE AUTONOMIE RM PP;NON_TITULAIRE;Cotisations;""
6143;FNAL SUPPLEMENTAIRE PLAFONNEE RM;NON_TITULAIRE;Cotisations;""
6150;RAFP COTISATIONS PART PATRONALE;NON_TITULAIRE;Cotisations;""
6200;CNRACL;NON_TITULAIRE;Cotisations;""
6205;CNRACL A.T.I.;NON_TITULAIRE;Cotisations;""
6880;CDG PART OBLIGATOIRE;NON_TITULAIRE;Cotisations;""
6890;C.N.F.P.T. RM;NON_TITULAIRE;Cotisations;""
810A;COTISATION PAT INVALIDITE MNT;NON_TITULAIRE;Cotisations;""
810C;COTISATIONS PATRONALES INV PRIMES;NON_TITULAIRE;Cotisations;""
810Z;TAXE SUR PRESTATION PREVOYANCE;NON_TITULAIRE;Cotisations;""
6290;COTIS. RETRO C.N.R.A.C.L.;TITULAIRE;Cotisations;""
6109;CONTRIBUTION SOLIDARITE AUTONOMIE RG PP;AUTRE_STATUT;Cotisations;""
6134;FNAL SUPPLEMENTAIRE RG;AUTRE_STATUT;Cotisations;""
6500;ASSEDIC TR. A;AUTRE_STATUT;Cotisations;""
6885;CENTRE DE GESTION RG;AUTRE_STATUT;Cotisations;""
6055;S.S. MALADIE VEUVAGE TOTALITE RG;STAGIAIRE;Cotisations;""
6060;S.S. VIEILLESSE PLAFONNEE RG;STAGIAIRE;Cotisations;""
6065;S.S. VIEILLESSE TOTALITE RG;STAGIAIRE;Cotisations;""
6075;S.S. ALLOCATIONS FAMILIALES RG;STAGIAIRE;Cotisations;""
6080;S.S. ACCIDENT DU TRAVAIL RG;STAGIAIRE;Cotisations;""
6095;S.S. F.N.A.L. RG;STAGIAIRE;Cotisations;""
6105;S.S. TRANSPORT RG;STAGIAIRE;Cotisations;""
6109;CONTRIBUTION SOLIDARITE AUTONOMIE RG PP;STAGIAIRE;Cotisations;""
6134;FNAL SUPPLEMENTAIRE RG;STAGIAIRE;Cotisations;""
6300;IRCANTEC TR. A;STAGIAIRE;Cotisations;""
6500;ASSEDIC TR. A;STAGIAIRE;Cotisations;""
6885;CENTRE DE GESTION RG;STAGIAIRE;Cotisations;""
6895;C.N.F.P.T. RG;STAGIAIRE;Cotisations;""
6109;CONTRIBUTION SOL. AUT. RG PP;STAGIAIRE;Cotisations;""
6144;FNAL SUPPLEMENTAIRE PLAFONNEE RG;STAGIAIRE;Cotisations;""
6500;POLE EMPLOI TR. A;STAGIAIRE;Cotisations;""
6885;CDG PART OBLIGATOIRE;STAGIAIRE;Cotisations;""
6510;REGUL. POLE EMPLOI PAT.;NON_TITULAIRE;Cotisations;""
401H;C TISATION SUR CHEQUES VACANCES;AUTRE_STATUT;Cotisations;""
810P;MNT INVA. NON TITULAIRE PAT;NON_TITULAIRE;Cotisations;""
6155;FNAL SUPP. AU DESSUS PLAFOND RG;NON_TITULAIRE;Cotisations;""
6500;POLE EMPLOI TR. A;TITULAIRE;Cotisations;""
6084;S.S. ACCIDENT DU TRAVAIL CAE;NON_TITULAIRE;Cotisations;""
6089;SS FNAL CAE;NON_TITULAIRE;Cotisations;""
6091;SS TRANSPORT CAE;NON_TITULAIRE;Cotisations;""
6114;CONTRIBUTION SOLIDARITE AUTONOMIE CAE;NON_TITULAIRE;Cotisations;""
6131;FNAL SUPPLEMENTAIRE CAE;NON_TITULAIRE;Cotisations;""
6897;CNFPT CAE;NON_TITULAIRE;Cotisations;""
6089;SS FNAL C.U.I;NON_TITULAIRE;Cotisations;""
6091;SS TRANSPORT C.U.I;NON_TITULAIRE;Cotisations;""
6114;CONTRIB. SOL. AUT. C.U.I;NON_TITULAIRE;Cotisations;""
6131;FNAL SUPPLEMENTAIRE C.U.I;NON_TITULAIRE;Cotisations;""
6897;CNFPT C.U.I;NON_TITULAIRE;Cotisations;""
6084;S.S. ACCIDENT DU TRAVAIL CUI;NON_TITULAIRE;Cotisations;""
6142;FNAL SUPPLEMENTAIRE PLAFONNEE CAE;NON_TITULAIRE;Cotisations;""
401I;COT PAT AIDE VAC   AFF;AUTRE_STATUT;Cotisations;""
401H;C TISATION SUR CHEQUES VACANCES;STAGIAIRE;Cotisations;""
6500;ASSEDIC TR. A;TITULAIRE;Cotisations;""
6155;FNAL SUPP. AU DESSUS PLAFOND RG;STAGIAIRE;Cotisations;""
6305;IRCANTEC TR. B;STAGIAIRE;Cotisations;""
6510;REGUL. POLE EMPLOI PAT.;STAGIAIRE;Cotisations;""
6820;CAREL  PART PATRONALE               CALC;ELU;Cotisations;""
6325;IRCANTEC TR. B  ELUS;ELU;Cotisations;""
6056;S.S. MALADIE VEUVAGE TOT.          ELUS;ELU;Cotisations;""
6060;S.S. VIEILLESSE PLAFONNEE RG;ELU;Cotisations;""
6065;S.S. VIEILLESSE TOTALITE RG;ELU;Cotisations;""
6121;S.S. TRANSPORT ELUS;ELU;Cotisations;""
6125;CONT SOLID AUTONOMIE ELUS;ELU;Cotisations;""
6148;FNAL SUPP PLAFONNE ELUS;ELU;Cotisations;""
6157;FNAL SUP DESS PLAF ELUS PROR. SS;ELU;Cotisations;""
6312;S.S. VIEILLESSE PLAF ELUS;ELU;Cotisations;""
6314;S.S. VIEILL VEUV TOT ELUS;ELU;Cotisations;""
6316;S.S. ALLOC FAMIL ELUS;ELU;Cotisations;""
6317;S.S. ACCIDENT DU TRAVELUS;ELU;Cotisations;""
6321;S.S. F.N.A.L ELUS;ELU;Cotisations;""
6057;S.S. MALADIE TOTALITE STAGIAIRE ENTR.;AUTRE_STATUT;Cotisations;""
6062;S.S. VIEILLESSE PLAFONNEE;AUTRE_STATUT;Cotisations;""
6066;S.S. VIEILLESSE TOTALITE STAG. ENTR.;AUTRE_STATUT;Cotisations;""
6076;S.S. ALLOCATIONS FAMILIALES STAG ENT;AUTRE_STATUT;Cotisations;""
6082;S.S. ACCIDENT DU TRAVAIL STAG ENTR.;AUTRE_STATUT;Cotisations;""
6098;S.S. FNAL STAGIAIRE ENTREPRISE;AUTRE_STATUT;Cotisations;""
6108;S.S. TRANSPORT STAGIAIRE ENTREPRISE;AUTRE_STATUT;Cotisations;""
401I;COT PAT AIDE VAC   AFF;STAGIAIRE;Cotisations;""
6057;S.S. MALADIE TOTALITE STAGIAIRE ENTR.;NON_TITULAIRE;Cotisations;""
6062;S.S. VIEILLESSE PLAFONNEE;NON_TITULAIRE;Cotisations;""
6066;S.S. VIEILLESSE TOTALITE STAG. ENTR.;NON_TITULAIRE;Cotisations;""
6076;S.S. ALLOCATIONS FAMILIALES STAG ENT;NON_TITULAIRE;Cotisations;""
6082;S.S. ACCIDENT DU TRAVAIL STAG ENTR.;NON_TITULAIRE;Cotisations;""
6098;S.S. FNAL STAGIAIRE ENTREPRISE;NON_TITULAIRE;Cotisations;""
6108;S.S. TRANSPORT STAGIAIRE ENTREPRISE;NON_TITULAIRE;Cotisations;""
6089;SS FNAL C.U.I;STAGIAIRE;Cotisations;""
6091;SS TRANSPORT C.U.I;STAGIAIRE;Cotisations;""
6142;FNAL SUPPLEMENTAIRE PLAFONNEE CAE;STAGIAIRE;Cotisations;""
6097;S.S. F.N.A.L. APP;AUTRE_STATUT;Cotisations;""
6107;S.S. TRANSPORT APP;AUTRE_STATUT;Cotisations;""
6136;FNAL SUPPLEMENTAIRE APPRENTIS;AUTRE_STATUT;Cotisations;""
6330;IRCANTEC TR. A APP;AUTRE_STATUT;Cotisations;""
6145;FNAL SUPPLEMENTAIRE PLAFONNE APPRENTIS;AUTRE_STATUT;Cotisations;""
6000;___ CHARGES PATRONALES___;EMPLOI_AIDE;Cotisations;""
6055;S.S. MALADIE VEUVAGE TOTALITE RG;EMPLOI_AIDE;Cotisations;""
6060;S.S. VIEILLESSE PLAFONNEE RG;EMPLOI_AIDE;Cotisations;""
6065;S.S. VIEILLESSE TOTALITE RG;EMPLOI_AIDE;Cotisations;""
6075;S.S. ALLOCATIONS FAMILIALES RG;EMPLOI_AIDE;Cotisations;""
6080;S.S. ACCIDENT DU TRAVAIL RG;EMPLOI_AIDE;Cotisations;""
6095;S.S. F.N.A.L. RG;EMPLOI_AIDE;Cotisations;""
6105;S.S. TRANSPORT RG;EMPLOI_AIDE;Cotisations;""
6109;CONTRIBUTION SOL. AUT. RG PP;EMPLOI_AIDE;Cotisations;""
6144;FNAL SUPPLEMENTAIRE PLAFONNEE RG;EMPLOI_AIDE;Cotisations;""
6162;SS ACCIDENT DU TRAVAIL CEA;EMPLOI_AIDE;Cotisations;""
6163;SS FNAL CEA;EMPLOI_AIDE;Cotisations;""
6164;SS TRANSPORT CEA;EMPLOI_AIDE;Cotisations;""
6165;CONTRIBUTION SOLIDARITE AUTONOMIES CEA;EMPLOI_AIDE;Cotisations;""
6167;FNAL SUPPLEMENTAIRE PLAFONNE CEA;EMPLOI_AIDE;Cotisations;""
6168;CNFPT CEA;EMPLOI_AIDE;Cotisations;""
6300;IRCANTEC TR. A;EMPLOI_AIDE;Cotisations;""
6500;POLE EMPLOI TR. A;EMPLOI_AIDE;Cotisations;""
6885;CDG PART OBLIGATOIRE;EMPLOI_AIDE;Cotisations;""
6895;C.N.F.P.T. RG;EMPLOI_AIDE;Cotisations;""
6057;S.S. MALADIE TOTALITE STAGIAIRE ENTR.;TITULAIRE;Cotisations;""
6062;S.S. VIEILLESSE PLAFONNEE;TITULAIRE;Cotisations;""
6066;S.S. VIEILLESSE TOTALITE STAG. ENTR.;TITULAIRE;Cotisations;""
6076;S.S. ALLOCATIONS FAMILIALES STAG ENT;TITULAIRE;Cotisations;""
6082;S.S. ACCIDENT DU TRAVAIL STAG ENTR.;TITULAIRE;Cotisations;""
6098;S.S. FNAL STAGIAIRE ENTREPRISE;TITULAIRE;Cotisations;""
6108;S.S. TRANSPORT STAGIAIRE ENTREPRISE;TITULAIRE;Cotisations;""
6260;CONTRIBUTIONS RETRAITE ETAT PP;TITULAIRE;Cotisations;""
8600;PLAFONNEMENT FRAIS EMPLOI;ELU;Déductions;""
860A;BASE DE CALCUL  RAS;ELU;Déductions;""
5000;___ COTIS. SALARIALES ___;ELU;Déductions;""
5320;IRCANTEC TR. A  ELUS;ELU;Déductions;""
7004;CSG NON AFFILIES                    ELUS;ELU;Déductions;""
7034;RDS NON AFFILIES;ELU;Déductions;""
7114;CSG DEDUCT.  NON AFFILIES           ELUS;ELU;Déductions;""
7162;C.S.G. 100 %;ELU;Déductions;""
7163;C.S.G. DEDUCTIBLE 100%;ELU;Déductions;""
7164;R.D.S. 100 %;ELU;Déductions;""
7168;CSG 100 % ELUS;ELU;Déductions;""
7169;CSG DEDUCTIBLE 100 % ELUS;ELU;Déductions;""
7170;CRDS 100 % ELUS;ELU;Déductions;""
5026;RAFP PLAFOND  AGENT;TITULAIRE;Déductions;""
5027;RAFP BASE AVANT PLAFONNEMENT;TITULAIRE;Déductions;""
5000;___ COTIS. SALARIALES ___;TITULAIRE;Déductions;""
5150;RAFP COTISATIONS PART SALARIALE;TITULAIRE;Déductions;""
5200;CNRACL;TITULAIRE;Déductions;""
7001;C.S.G. TITULAIRES;TITULAIRE;Déductions;""
7031;R.D.S. TITULAIRES;TITULAIRE;Déductions;""
7111;CSG DEDUCTIBLE TITUL.;TITULAIRE;Déductions;""
8010;1% SOLIDARITE;TITULAIRE;Déductions;""
5201;CNRACL NBI;TITULAIRE;Déductions;""
5002;BASE CNRACL SUR EQUIVALENT TEMPS PLEIN;TITULAIRE;Déductions;""
5203;CNRACL PO TP PARTIEL OU TNC EQUIV TPLEIN;TITULAIRE;Déductions;""
5000;___ COTIS. SALARIALES ___;NON_TITULAIRE;Déductions;""
5055;S.S. MALADIE VIEILLESSE TOTALITE RG;NON_TITULAIRE;Déductions;""
5060;S.S. VIEILLESSE PLAFONNEE RG;NON_TITULAIRE;Déductions;""
5300;IRCANTEC TR. A;NON_TITULAIRE;Déductions;""
7002;CSG RG;NON_TITULAIRE;Déductions;""
7032;RDS RG;NON_TITULAIRE;Déductions;""
7112;CSG DEDUCTIBLE RG;NON_TITULAIRE;Déductions;""
5055;S.S. MALADIE VIEILL. TOT. RG;NON_TITULAIRE;Déductions;""
8805;BASE CALCUL REDUCTION SUR H.S.;TITULAIRE;Déductions;""
8806;NOMBRE HEURES REDUCTION H.S;TITULAIRE;Déductions;""
8824;MT CSG CRDS SUR HS DEDUIT DU NET FISCAL;TITULAIRE;Déductions;""
8814;RED. COTIS.SALARIALES SUR HSUP        RM;TITULAIRE;Déductions;""
8015;1% SOLIDARITE                    NON AFF;NON_TITULAIRE;Déductions;""
5026;RAFP PLAFOND  AGENT;STAGIAIRE;Déductions;""
5027;RAFP BASE AVANT PLAFONNEMENT;STAGIAIRE;Déductions;""
5000;___ COTIS. SALARIALES ___;STAGIAIRE;Déductions;""
5150;RAFP COTISATIONS PART SALARIALE;STAGIAIRE;Déductions;""
5200;CNRACL;STAGIAIRE;Déductions;""
7001;C.S.G. TITULAIRES;STAGIAIRE;Déductions;""
7031;R.D.S. TITULAIRES;STAGIAIRE;Déductions;""
7111;CSG DEDUCTIBLE TITUL.;STAGIAIRE;Déductions;""
8010;1% SOLIDARITE;STAGIAIRE;Déductions;""
7021;CSG TITULAIRES REGUL.;TITULAIRE;Déductions;""
7044;RDS TITULAIRES REGUL.;TITULAIRE;Déductions;""
7126;CSG DEDUCTIBLE TITULAIRES REGUL.;TITULAIRE;Déductions;""
5000;___ COTIS. SALARIALES ___;AUTRE_STATUT;Déductions;""
7035;RDS NON AFFILIE CHOMEUR;AUTRE_STATUT;Déductions;""
5055;S.S. MALADIE VIEILL. TOT. RG;AUTRE_STATUT;Déductions;""
5060;S.S. VIEILLESSE PLAFONNEE RG;AUTRE_STATUT;Déductions;""
5300;IRCANTEC TR. A;AUTRE_STATUT;Déductions;""
7002;CSG RG;AUTRE_STATUT;Déductions;""
7032;RDS RG;AUTRE_STATUT;Déductions;""
7112;CSG DEDUCTIBLE RG;AUTRE_STATUT;Déductions;""
7003;CSG NON AFFILIES;AUTRE_STATUT;Déductions;""
7033;RDS NON AFFILIES;AUTRE_STATUT;Déductions;""
7113;CSG DEDUCT.  NON AFFILIES;AUTRE_STATUT;Déductions;""
8805;BASE CALCUL REDUCTION SUR H.S.;NON_TITULAIRE;Déductions;""
8806;NOMBRE HEURES REDUCTION H.S;NON_TITULAIRE;Déductions;""
8810;RED. COTIS.SALARIALES SUR HSUP        RG;NON_TITULAIRE;Déductions;""
8824;MT CSG CRDS SUR HS DEDUIT DU NET FISCAL;NON_TITULAIRE;Déductions;""
5305;IRCANTEC TR. B;NON_TITULAIRE;Déductions;""
8011;COTIS. 1% SOLIDARITE  NTIT;NON_TITULAIRE;Déductions;""
5290;COTIS. RETRO. C.N.R.A.C.L.;TITULAIRE;Déductions;""
5055;S.S. MALADIE VIEILLESSE TOTALITE RG;TITULAIRE;Déductions;""
5060;S.S. VIEILLESSE PLAFONNEE RG;TITULAIRE;Déductions;""
5300;IRCANTEC TR. A;TITULAIRE;Déductions;""
7002;CSG RG;TITULAIRE;Déductions;""
7032;RDS RG;TITULAIRE;Déductions;""
7112;CSG DEDUCTIBLE RG;TITULAIRE;Déductions;""
8810;RED. COTIS.SALARIALES SUR HSUP        RG;TITULAIRE;Déductions;""
5055;S.S. MALADIE VIEILL. TOT. RG;TITULAIRE;Déductions;""
5201;CNRACL NBI;STAGIAIRE;Déductions;""
5151;R.A.F.P. REVERSION C.E.T.;TITULAIRE;Déductions;""
7116;CSG DEDUCT. TIT CPA;TITULAIRE;Déductions;""
5026;RAFP PLAFOND  AGENT;NON_TITULAIRE;Déductions;""
5027;RAFP BASE AVANT PLAFONNEMENT;NON_TITULAIRE;Déductions;""
5150;RAFP COTISATIONS PART SALARIALE;NON_TITULAIRE;Déductions;""
5200;CNRACL;NON_TITULAIRE;Déductions;""
7001;C.S.G. TITULAIRES;NON_TITULAIRE;Déductions;""
7031;R.D.S. TITULAIRES;NON_TITULAIRE;Déductions;""
7111;CSG DEDUCTIBLE TITUL.;NON_TITULAIRE;Déductions;""
8010;1% SOLIDARITE;NON_TITULAIRE;Déductions;""
8805;BASE CALCUL REDUCTION SUR H.S.;STAGIAIRE;Déductions;""
8806;NOMBRE HEURES REDUCTION H.S;STAGIAIRE;Déductions;""
8814;RED. COTIS.SALARIALES SUR HSUP        RM;STAGIAIRE;Déductions;""
8824;MT CSG CRDS SUR HS DEDUIT DU NET FISCAL;STAGIAIRE;Déductions;""
5290;RBT COTISATIONS VALIDATIONS SERVICES;TITULAIRE;Déductions;""
5055;S.S. MALADIE VIEILLESSE TOTALITE RG;AUTRE_STATUT;Déductions;""
8011;COTIS. 1% SOLIDARITE  NTIT;AUTRE_STATUT;Déductions;""
5055;S.S. MALADIE VIEILLESSE TOTALITE RG;STAGIAIRE;Déductions;""
5060;S.S. VIEILLESSE PLAFONNEE RG;STAGIAIRE;Déductions;""
5300;IRCANTEC TR. A;STAGIAIRE;Déductions;""
7002;CSG RG;STAGIAIRE;Déductions;""
7032;RDS RG;STAGIAIRE;Déductions;""
7112;CSG DEDUCTIBLE RG;STAGIAIRE;Déductions;""
5055;S.S. MALADIE VIEILL. TOT. RG;STAGIAIRE;Déductions;""
7162;C.S.G. 100 %   ANIM.;NON_TITULAIRE;Déductions;""
7163;C.S.G. DEDUCTIBLE 100% ANIM.;NON_TITULAIRE;Déductions;""
7164;R.D.S. 100 %   ANIM.;NON_TITULAIRE;Déductions;""
5084;SS MALADIE VIEILLESSE TOT CAE;NON_TITULAIRE;Déductions;""
5085;SS VIEILLESSE PLAFONNEE CAE;NON_TITULAIRE;Déductions;""
5084;SS MAL. VIEILL. TOT C.U.I;NON_TITULAIRE;Déductions;""
5085;SS VIEILLESSE PLAF. C.U.I;NON_TITULAIRE;Déductions;""
8810;RED. COTIS.SALARIALES SUR HSUP        RG;STAGIAIRE;Déductions;""
5290;COTIS. RETRO. C.N.R.A.C.L.;STAGIAIRE;Déductions;""
5027;RAFP BASE AVANT PLAFONNEMENT;AUTRE_STATUT;Déductions;""
7001;C.S.G. TITULAIRES;AUTRE_STATUT;Déductions;""
7031;R.D.S. TITULAIRES;AUTRE_STATUT;Déductions;""
7111;CSG DEDUCTIBLE TITUL.;AUTRE_STATUT;Déductions;""
8010;1% SOLIDARITE;AUTRE_STATUT;Déductions;""
4848;SEUIL D EXONERATION ETUDIANT ENTREPRISE;AUTRE_STATUT;Déductions;""
7162;C.S.G. 100 %;NON_TITULAIRE;Déductions;""
7163;C.S.G. DEDUCTIBLE 100%;NON_TITULAIRE;Déductions;""
7164;R.D.S. 100 %;NON_TITULAIRE;Déductions;""
5305;IRCANTEC TR. B;STAGIAIRE;Déductions;""
5820;CAREL                               CALC;ELU;Déductions;""
8650;RETENUE A LA SOURCE;ELU;Déductions;""
5325;IRCANTEC TR. B  ELUS;ELU;Déductions;""
8649;BASE RAS;ELU;Déductions;""
5056;S.S. MALADIE VEUVAGE TOT.           ELUS;ELU;Déductions;""
5060;S.S. VIEILLESSE PLAFONNEE RG;ELU;Déductions;""
7002;CSG RG;ELU;Déductions;""
7032;RDS RG;ELU;Déductions;""
7112;CSG DEDUCTIBLE RG;ELU;Déductions;""
5079;SS VEUVAGE TOTALITE ELU;ELU;Déductions;""
5081;S.S. MALADIE TOT. ELUS;ELU;Déductions;""
5092;S.S. VIEILLESSE PLAFONNEE ELUS;ELU;Déductions;""
5084;SS MAL. VIEILL. TOT C.U.I;STAGIAIRE;Déductions;""
5085;SS VIEILLESSE PLAF. C.U.I;STAGIAIRE;Déductions;""
7003;CSG NON AFFILIES;NON_TITULAIRE;Déductions;""
7033;RDS NON AFFILIES;NON_TITULAIRE;Déductions;""
7113;CSG DEDUCT.  NON AFFILIES;NON_TITULAIRE;Déductions;""
7003;CSG NON AFFILIES;TITULAIRE;Déductions;""
7033;RDS NON AFFILIES;TITULAIRE;Déductions;""
7113;CSG DEDUCT.  NON AFFILIES;TITULAIRE;Déductions;""
5000;___ COTIS. SALARIALES ___;EMPLOI_AIDE;Déductions;""
5055;S.S. MALADIE VIEILL. TOT. RG;EMPLOI_AIDE;Déductions;""
5060;S.S. VIEILLESSE PLAFONNEE RG;EMPLOI_AIDE;Déductions;""
5095;SS MAL VIEILL TOT CEA;EMPLOI_AIDE;Déductions;""
5096;SS VIEILL PLAF CEA;EMPLOI_AIDE;Déductions;""
5300;IRCANTEC TR. A;EMPLOI_AIDE;Déductions;""
7002;CSG RG;EMPLOI_AIDE;Déductions;""
7032;RDS RG;EMPLOI_AIDE;Déductions;""
7112;CSG DEDUCTIBLE RG;EMPLOI_AIDE;Déductions;""
4849;BASE COTISATIONS ETUDIANT ENTREPRISE;AUTRE_STATUT;Déductions;""
5260;COTISATION RETRAITE ETAT PO;TITULAIRE;Déductions;""
3046;I.F.T.S.;TITULAIRE;Indemnité;""
305A;I.E.M.P.;TITULAIRE;Indemnité;""
401E;AIDE AUX VACANCES;TITULAIRE;Indemnité;""
7650;IND.CHAUSSURES EQUIPEM.;TITULAIRE;Indemnité;""
3052;I.F.T.S. MS;TITULAIRE;Indemnité;""
401A;INDEMNITE COMPENSATRICE;TITULAIRE;Indemnité;""
4653;RET. IND POUR SERVICE NON FAIT;TITULAIRE;Indemnité;""
3052;I.F.T.S.  MS;TITULAIRE;Indemnité;""
401V;COMPTE EPARGNE TEMPS;TITULAIRE;Indemnité;""
3051;I.A.T.;TITULAIRE;Indemnité;""
401R;INDEMNITE DE REGIE;TITULAIRE;Indemnité;""
3052;I.A.T. MS;TITULAIRE;Indemnité;""
1700;IND. DIFFERENTIELLE. SMIC;TITULAIRE;Indemnité;""
438H;NOMBRE HEURES DIM.   JRS FERIES;TITULAIRE;Indemnité;""
3011;GIPA (GAR.INDIVID.POUV.ACHAT) CALC;TITULAIRE;Indemnité;""
401E;AIDE AUX VACANCES;NON_TITULAIRE;Indemnité;""
401O;INDEMNITE COMPENSATRICE;NON_TITULAIRE;Indemnité;""
401A;INDEMNITE COMPENSATRICE;NON_TITULAIRE;Indemnité;""
4250;IND. TVX DANG. INSAL. C1;TITULAIRE;Indemnité;""
401A;PRIME ELAGAGE;TITULAIRE;Indemnité;""
4676;DED CARENCE REG INDEMNIT.;TITULAIRE;Indemnité;""
401R;INDEMNITE DE REGIE;NON_TITULAIRE;Indemnité;""
401K;COMPLEMENT CHEQUES VACANCES  M.S;TITULAIRE;Indemnité;""
401G;CHEQUES VACANCES MS;TITULAIRE;Indemnité;""
3051;I.A.T.;STAGIAIRE;Indemnité;""
305A;I.E.M.P.;STAGIAIRE;Indemnité;""
7650;IND.CHAUSSURES EQUIPEM.;STAGIAIRE;Indemnité;""
401R;INDEMNITE DE REGIE;STAGIAIRE;Indemnité;""
3052;I.A.T. MS;STAGIAIRE;Indemnité;""
4872;COEFFICIENT DE MODULATION;TITULAIRE;Indemnité;""
401A;DEDUCTION RI 4 EME ARRET MALADIE;TITULAIRE;Indemnité;""
401A;DEDUCTION RI 3EME ARRET MALADIE;TITULAIRE;Indemnité;""
401A;CAPTURE CHIENS;TITULAIRE;Indemnité;""
1707;IND. DIFF. SMIC HORAIRE;AUTRE_STATUT;Indemnité;""
402A;INDEMNITE COMPENSATRICE;TITULAIRE;Indemnité;""
3052;I.A.T. MS 2012;TITULAIRE;Indemnité;""
4370;I.S.P.M.;TITULAIRE;Indemnité;""
401A;DEDUCTION RI 4EME ARRET MALADIE;TITULAIRE;Indemnité;""
401A;DED RI 3EME ARRET MALADIE;TITULAIRE;Indemnité;""
401A;DEDUCTION RI 5EME ARRET MALADIE;TITULAIRE;Indemnité;""
401A;DEDUCTION RI 6EME ARRET MALADIE;TITULAIRE;Indemnité;""
401A;DEDUCTION RI 7EME ARRET MALADIE;TITULAIRE;Indemnité;""
401A;DEDUCTION RI 8EME ARRET MALADIE;TITULAIRE;Indemnité;""
401A;DEDUCTION RI 3EME ARRET MEDICAL;TITULAIRE;Indemnité;""
1700;IND. DIFFERENTIELLE. SMIC;NON_TITULAIRE;Indemnité;""
3051;I.A.T.;NON_TITULAIRE;Indemnité;""
305A;I.E.M.P.;NON_TITULAIRE;Indemnité;""
401K;COMPLEMENT CHEQUES VACANCES  M.S;NON_TITULAIRE;Indemnité;""
401G;CHEQUES VACANCES MS;NON_TITULAIRE;Indemnité;""
4770;INDEMNITE COMPENSATRICE;TITULAIRE;Indemnité;""
3205;P.S.R.;STAGIAIRE;Indemnité;""
3252;I.S.S.;STAGIAIRE;Indemnité;""
3052;I.S.S. MS;STAGIAIRE;Indemnité;""
401A;INDEMNITE COMPENSATRICE;STAGIAIRE;Indemnité;""
3205;P.S.R.;TITULAIRE;Indemnité;""
3252;I.S.S.;TITULAIRE;Indemnité;""
401A;P.S.R.;TITULAIRE;Indemnité;""
401A;I.S.S.;TITULAIRE;Indemnité;""
3052;I.S.S.  MS;TITULAIRE;Indemnité;""
3209;PRIME SERVICE ET RENDEMENT;TITULAIRE;Indemnité;""
3052;I.S.S. MS;TITULAIRE;Indemnité;""
4790;INDEM. JOURN. DE 12 08, 01 09 ET03 09;TITULAIRE;Indemnité;""
8850;INDEM. JOURNALIERE SS NETTE;TITULAIRE;Indemnité;""
4790;IND. JOURN. DU 01 02 AU 28 02 09;TITULAIRE;Indemnité;""
4790;IND JOURN 02 09 AU 25 09 09;TITULAIRE;Indemnité;""
4790;IND JOURN 4 AU 14 10 11;TITULAIRE;Indemnité;""
3046;I.F.T.S.;STAGIAIRE;Indemnité;""
4307;PRIM. FONCT. RES PART FONCT.;STAGIAIRE;Indemnité;""
4308;PRIM. FONCT. RES PART IND.;STAGIAIRE;Indemnité;""
3052;PRIM. FONCT. RES. PART IND. MS;TITULAIRE;Indemnité;""
4307;PRIM. FONCT. RES PART FONCT.;TITULAIRE;Indemnité;""
4308;PRIM. FONCT. RES PART IND.;TITULAIRE;Indemnité;""
3052;PRIM. FONCT. RES. PART IND.  MS;TITULAIRE;Indemnité;""
4771;INDEM COMPENS BRUT FIXE;TITULAIRE;Indemnité;""
3209;PRIME SERVICE ET RENDEMENT;STAGIAIRE;Indemnité;""
4872;COEFFICIENT DE MODULATION;STAGIAIRE;Indemnité;""
401E;AIDE AUX VACANCES;STAGIAIRE;Indemnité;""
401A;CAPTURE CHIENS;STAGIAIRE;Indemnité;""
4370;I.S.P.M.;STAGIAIRE;Indemnité;""
3052;I.F.T.S.  MS;STAGIAIRE;Indemnité;""
401O;INDEMNITE COMPENSATRICE;TITULAIRE;Indemnité;""
3052;I.F.T.S.  MS 2012;TITULAIRE;Indemnité;""
438H;NB H DIM ET JF HD;TITULAIRE;Indemnité;""
438H;NB H DIM.   JRS FERIES HD;TITULAIRE;Indemnité;""
401A;MODULATION POSITIVE 2012;TITULAIRE;Indemnité;""
3001;ABOND. PRIME FIN D ANNEE;TITULAIRE;Indemnité;""
3052;PRIM. FONCT. RES. PART IND  MS;TITULAIRE;Indemnité;""
3640;I.S.C.B.;TITULAIRE;Indemnité;""
3052;I.S.C.B.  MS;TITULAIRE;Indemnité;""
3052;I.S.C.B.  MS 2012;TITULAIRE;Indemnité;""
4653;RET. IND POUR SERVICE NON FAIT;STAGIAIRE;Indemnité;""
401A;I.S.P.M.;STAGIAIRE;Indemnité;""
401A;I.S.P.M.;TITULAIRE;Indemnité;""
401A;DED RI 6EME ARRET MALADIE;TITULAIRE;Indemnité;""
3052;PRIM. FONCT. RES. PART. FONCT. MS;TITULAIRE;Indemnité;""
401V;C.E.T. 16 JOURS;TITULAIRE;Indemnité;""
401R;INDEMNITE DE REGIE 2012;TITULAIRE;Indemnité;""
3046;I.F.T.S.;NON_TITULAIRE;Indemnité;""
438H;NB H DIM.   JRS FE HD;TITULAIRE;Indemnité;""
3012;GIPA (GAR.INDIVID.POUV.ACHAT) SAISIE;TITULAIRE;Indemnité;""
3052;PRIM. FONCT. RES PART IND.  MS;TITULAIRE;Indemnité;""
3052;I.S.S.  MS;STAGIAIRE;Indemnité;""
401A;COEFFICIENT DE MODULATION;STAGIAIRE;Indemnité;""
3641;I.S.S.C.P.;TITULAIRE;Indemnité;""
3645;I.S.C.P.;TITULAIRE;Indemnité;""
3052;I.S.C.P. MS;TITULAIRE;Indemnité;""
3052;I.S.C.P.  MS;TITULAIRE;Indemnité;""
3052;I.A.T. MS 2013;TITULAIRE;Indemnité;""
3052;I.S.S.  MS 2011;TITULAIRE;Indemnité;""
3052;I.S.S . MS 2012;TITULAIRE;Indemnité;""
4290;PRIME FONCTION INFORMATIQUE;TITULAIRE;Indemnité;""
401A;RAPPEL IEMP 2012;TITULAIRE;Indemnité;""
3432;I.F.S.S. C..A.S.E.;STAGIAIRE;Indemnité;""
3011;GIPA (GAR.INDIVID.POUV.ACHAT) CALC;STAGIAIRE;Indemnité;""
438H;NB H DIM.   JRS F HD;TITULAIRE;Indemnité;""
401A;INDEMNITES DIVERSES         M.S.;TITULAIRE;Indemnité;""
401N;PRIME AIDE VACANCES MS (FORFAIT);AUTRE_STATUT;Indemnité;""
401N;PRIME AIDE VACANCES MS;AUTRE_STATUT;Indemnité;""
401N;INDEMNITE COMPENSATOIRE;AUTRE_STATUT;Indemnité;""
401A;DED RI 4EME ARRET MALADIE;TITULAIRE;Indemnité;""
3052;I.A.T. MS;NON_TITULAIRE;Indemnité;""
4790;IND JOURN 17 12 AU 24 12 09;NON_TITULAIRE;Indemnité;""
8850;INDEM. JOURNALIERE SS NETTE;NON_TITULAIRE;Indemnité;""
4653;RET. IND POUR SERVICE NON FAIT;NON_TITULAIRE;Indemnité;""
4790;IND JOURN 03 AU 11 06 10;NON_TITULAIRE;Indemnité;""
4790;IND JOURN 23 12 10 AU 02 01 11;NON_TITULAIRE;Indemnité;""
4790;IND JOURN D AVRIL A JUILLET 11;NON_TITULAIRE;Indemnité;""
4790;IND JOURN 13 09 AU 21 10 11;NON_TITULAIRE;Indemnité;""
4790;IND JOURN 22 10 AU 14 11 11;NON_TITULAIRE;Indemnité;""
4790;IND JOURN DU 31 08 AU 16 09 09;NON_TITULAIRE;Indemnité;""
7650;IND.CHAUSSURES EQUIPEM.;NON_TITULAIRE;Indemnité;""
4790;IND JOURN 17 09 AU 19 10 09;NON_TITULAIRE;Indemnité;""
4790;IND JOURN 25 10 AU31 10 09;NON_TITULAIRE;Indemnité;""
4872;COEFFICIENT DE MODULATION;NON_TITULAIRE;Indemnité;""
438H;NOMBRE HEURES D JF HD;TITULAIRE;Indemnité;""
4790;INDEM. JOURN DU 05 02 09 AU 04 03 09;TITULAIRE;Indemnité;""
4790;IND JOURN 05 10 AU 23 10 09;TITULAIRE;Indemnité;""
3011;GIPA (GAR.INDIVID.POUV.ACHAT) CALC;NON_TITULAIRE;Indemnité;""
4790;IND JOURN 29 09 AU 04 10 10;NON_TITULAIRE;Indemnité;""
4790;IND JOURN 04 01 AU 08 01 10;NON_TITULAIRE;Indemnité;""
3432;I.F.S.S. C..A.S.E.;TITULAIRE;Indemnité;""
3052;I.F.S.S. C.A.S.E.  MS;TITULAIRE;Indemnité;""
3432;I.F.S.S. C..A.S.E.;NON_TITULAIRE;Indemnité;""
3052;I.F.S.S. C.A.S.E.  MS;NON_TITULAIRE;Indemnité;""
3420;P.S.;TITULAIRE;Indemnité;""
3435;I.S.S.;TITULAIRE;Indemnité;""
3411;P.F.A.S.P.;TITULAIRE;Indemnité;""
3430;I.S.S.A.P.S.;TITULAIRE;Indemnité;""
3052;I.F.S.S. C.A.S.E.;TITULAIRE;Indemnité;""
401A;DEDUCTION 3EME ARRET MALADIE;TITULAIRE;Indemnité;""
3052;PRIM_ FONCT. RES. PART IND. MS;TITULAIRE;Indemnité;""
3413;P.S.F.S.;TITULAIRE;Indemnité;""
230C;INDEMNITE COMPL. MALADIE  90%;AUTRE_STATUT;Indemnité;""
230D;INDEMNITE COMPL. MALADIE  2 3;AUTRE_STATUT;Indemnité;""
401A;CONGES PAYES;AUTRE_STATUT;Indemnité;""
401G;CHEQUES VACANCES MS;AUTRE_STATUT;Indemnité;""
401N;PRIME AIDE VACANCES MS(FORFAIT);AUTRE_STATUT;Indemnité;""
401A;INDEMNITES DIVERSES         M.S.;NON_TITULAIRE;Indemnité;""
4771;INDEM COMPENS BRUT FIXE;STAGIAIRE;Indemnité;""
401A;INDEM COMP BRUT FIXE;TITULAIRE;Indemnité;""
401A;COEFFICIENT DE MODULATION;TITULAIRE;Indemnité;""
3052;I.F.S.S. C.A.S.E. MS;TITULAIRE;Indemnité;""
401A;DEDUCTION RI 3E ARRET MALADIE;TITULAIRE;Indemnité;""
401O;INDEMNITE COMPENSATOIRE;TITULAIRE;Indemnité;""
3052;I.S.S. MS 2013;TITULAIRE;Indemnité;""
3052;I.F.S.S. C.A.S.E.  MS;STAGIAIRE;Indemnité;""
4790;IND JOURN 17 12 AU 03 01 11;NON_TITULAIRE;Indemnité;""
3413;P.S.F.S.;STAGIAIRE;Indemnité;""
3420;P.S.;STAGIAIRE;Indemnité;""
4770;INDEMNITE COMPENSATRICE;STAGIAIRE;Indemnité;""
401A;P.S.R;TITULAIRE;Indemnité;""
4790;IND JOURN 08 AU 15 04 11;NON_TITULAIRE;Indemnité;""
4790;INDEM. JOURN. DU 24 08 AU 12 09 09;NON_TITULAIRE;Indemnité;""
1700;IND. DIFFERENTIELLE. SMIC;STAGIAIRE;Indemnité;""
401A;RAPPEL SFT;TITULAIRE;Indemnité;""
3052;I.F.S.S. C.A.S.E  MS;TITULAIRE;Indemnité;""
3411;P.F.A.S.P.;STAGIAIRE;Indemnité;""
3430;I.S.S.A.P.S.;STAGIAIRE;Indemnité;""
401A;DEDUCTION RI 3EME ARRET MALADIE;STAGIAIRE;Indemnité;""
401A;DEDUCTION RI 4EME ARRET MALADIE;STAGIAIRE;Indemnité;""
401A;DED RI 5EME ARRET MALADIE;TITULAIRE;Indemnité;""
4790;IND JOURN 27 08 AU 04 09 09;NON_TITULAIRE;Indemnité;""
4790;IND JOURN 25 11 AU25 12 08;NON_TITULAIRE;Indemnité;""
4790;IND JOURN 24 08 AU 27 10 11;NON_TITULAIRE;Indemnité;""
401A;INDEMNITE COMPENSATRICE 2012;TITULAIRE;Indemnité;""
4790;IND JOURN 13 01 AU 16 01 09;TITULAIRE;Indemnité;""
4790;IND. JOURN. DU 9 AU 16 MAI 2009;TITULAIRE;Indemnité;""
4790;INDEM. JOURN DU 17 05 AU 23 05 09;TITULAIRE;Indemnité;""
4790;IND JOURN 24 AU 30 01 11;TITULAIRE;Indemnité;""
3052;PRIM. FONCT. RES. PART. IND. MS;TITULAIRE;Indemnité;""
4790;IND JOURN 30 06 AU 05 07 09;NON_TITULAIRE;Indemnité;""
4790;IND JOURN 06 02 AU 13 02 10;NON_TITULAIRE;Indemnité;""
401A;DEDUCTION RI 4EME ARRET MEDICAL;TITULAIRE;Indemnité;""
4790;IND JOURN 15 11 AU 05 12 08;TITULAIRE;Indemnité;""
4790;IND JOURN 11 02 AU 17 02 09;TITULAIRE;Indemnité;""
7650;IJ DU 13 02 AU 24 04 12;NON_TITULAIRE;Indemnité;""
3204;P.M. CEC CEJ;AUTRE_STATUT;Indemnité;""
401E;AIDE AUX VACANCES;AUTRE_STATUT;Indemnité;""
401R;INDEMNITE DE REGIE;AUTRE_STATUT;Indemnité;""
4790;IND JOURN DU 08 AU 15 12 10;AUTRE_STATUT;Indemnité;""
8850;INDEM. JOURNALIERE SS NETTE;AUTRE_STATUT;Indemnité;""
3411;P.F.A.S.P.;NON_TITULAIRE;Indemnité;""
3420;P.S.;NON_TITULAIRE;Indemnité;""
3430;I.S.S.A.P.S.;NON_TITULAIRE;Indemnité;""
4790;IND JOURN 01 12 AU 05 12 08;NON_TITULAIRE;Indemnité;""
4872;MODULATION POSITIVE;TITULAIRE;Indemnité;""
401A;ASTREINTE (15 J _10);TITULAIRE;Indemnité;""
401A;ASTREINTE DIM (1 _ 18);TITULAIRE;Indemnité;""
401A;ASTREINTE NUIT (10_10);TITULAIRE;Indemnité;""
401A;ASTREINTE WE (2_76);TITULAIRE;Indemnité;""
401A;ASTREINTE WE (1_76);TITULAIRE;Indemnité;""
401A;ASTREINTE NUIT (4_10);TITULAIRE;Indemnité;""
401A;ASTREINTE DIM JF (2_18);TITULAIRE;Indemnité;""
401A;ASTREINTE NUIT (12_10);TITULAIRE;Indemnité;""
401A;ASTREINTE NUIT (8_10);TITULAIRE;Indemnité;""
4790;INDEM. JOURN DU 03 03 09 AU 11 03 09;NON_TITULAIRE;Indemnité;""
4790;IND JOURN 01 AU 11 09 10;NON_TITULAIRE;Indemnité;""
401A;I.A.T;NON_TITULAIRE;Indemnité;""
401A;I.E.M.P;NON_TITULAIRE;Indemnité;""
401A;I.E.M.P.;NON_TITULAIRE;Indemnité;""
401A;I.A.T.;NON_TITULAIRE;Indemnité;""
401A;INDEMNITE COMPENSATRICE 2013;TITULAIRE;Indemnité;""
4790;IND JOURN 18 01 AU 22 01 10;NON_TITULAIRE;Indemnité;""
3205;P.S.R.;NON_TITULAIRE;Indemnité;""
3252;I.S.S.;NON_TITULAIRE;Indemnité;""
401A;I.S.S.;STAGIAIRE;Indemnité;""
401A;P.S.R.;STAGIAIRE;Indemnité;""
401V;COMPTE EPARGNE TEMPS;STAGIAIRE;Indemnité;""
4790;IND JOURN 27 04 AU 07 05 09;NON_TITULAIRE;Indemnité;""
4790;IND JOURN 25 AU 28 02 11;NON_TITULAIRE;Indemnité;""
3413;P.S.F.S.;NON_TITULAIRE;Indemnité;""
3435;I.S.S.;NON_TITULAIRE;Indemnité;""
438H;NOMBRE HEURES D§ JF  HD;TITULAIRE;Indemnité;""
4790;IND JOURN JANVIER 09;NON_TITULAIRE;Indemnité;""
4790;INDEM. JOURN. BRUTE 23 09 AU 26 09 09;NON_TITULAIRE;Indemnité;""
4790;IND JOURN 16 12 AU 21 12 08;NON_TITULAIRE;Indemnité;""
4790;IND JOURN 06 AU 11 04 10;NON_TITULAIRE;Indemnité;""
4790;IND JOURN 21 AU 30 01 11;NON_TITULAIRE;Indemnité;""
4790;IND JOURN DU 15 AU 18 03 10;NON_TITULAIRE;Indemnité;""
4790;IND JOURN 25 AU 29 01 11;NON_TITULAIRE;Indemnité;""
401K;COMPLEMENT CHEQUES VACANCES  M.S;STAGIAIRE;Indemnité;""
401G;CHEQUES VACANCES MS;STAGIAIRE;Indemnité;""
4790;IJ DU 23 08 AU 27 08 10;NON_TITULAIRE;Indemnité;""
4790;IND JOURN 19 11 AU 07 12 08;NON_TITULAIRE;Indemnité;""
1707;IND. DIFF. SMIC HORAIRE;NON_TITULAIRE;Indemnité;""
3052;INDEMNITE COMPENSATRICE;NON_TITULAIRE;Indemnité;""
3052;I.F.T.S.  MS;NON_TITULAIRE;Indemnité;""
4307;PRIM. FONCT. RES PART FONCT.;NON_TITULAIRE;Indemnité;""
4308;PRIM. FONCT. RES PART IND.;NON_TITULAIRE;Indemnité;""
4790;IND JOURN 14 AU 18 11 11;NON_TITULAIRE;Indemnité;""
401V;COMPTE EPARGNE TEMPS;NON_TITULAIRE;Indemnité;""
3052;PRIM. FONCT. RES PART IND. MS;NON_TITULAIRE;Indemnité;""
4790;IJ 30 05 AU 21 06 12;NON_TITULAIRE;Indemnité;""
3052;PRIM. PART. FONCT RES IND  MS;NON_TITULAIRE;Indemnité;""
401A;MODULATION POSITIVE;STAGIAIRE;Indemnité;""
4790;IND JOURN 14 AU 20 03 11;NON_TITULAIRE;Indemnité;""
4790;IND JOURN 14 AU 27 09 10;NON_TITULAIRE;Indemnité;""
4790;IND JOURN 13 AU 20 11 12;TITULAIRE;Indemnité;""
4790;IND JOURN DU 20 AU 26 12 10;NON_TITULAIRE;Indemnité;""
4790;IND JOURN 12 10 AU 28 12 11;NON_TITULAIRE;Indemnité;""
3433;P.D.C.I.;NON_TITULAIRE;Indemnité;""
4790;IND JOURN 29 03 AU 02 04 10;NON_TITULAIRE;Indemnité;""
4790;IJ DU 10 08 AU 12 09 10;NON_TITULAIRE;Indemnité;""
4790;IND JOURN 09 03 AU 19 03 10;NON_TITULAIRE;Indemnité;""
4790;IJ DU 12 07 AU 15 07 2010;NON_TITULAIRE;Indemnité;""
401A;P.S.R.;NON_TITULAIRE;Indemnité;""
401A;I.S.S.;NON_TITULAIRE;Indemnité;""
3052;I.S.S.  MS;NON_TITULAIRE;Indemnité;""
401A;DEDUCTION 3 EME ARRET MALADIE;STAGIAIRE;Indemnité;""
3052;PRIM. FONCT. RES. PART IND. MS 2012;TITULAIRE;Indemnité;""
4790;IND JOURN 19 AU 23 01 12;NON_TITULAIRE;Indemnité;""
473I;IJ - INDEMN.JOURNALIERES;NON_TITULAIRE;Indemnité;""
7722;IJ VERSEES PAR LA CPAM;NON_TITULAIRE;Indemnité;""
438H;NOMBRE HEURES DIM.   JRS FERIES;NON_TITULAIRE;Indemnité;""
4790;IND JOURN 31 05 AU 19 06 11;NON_TITULAIRE;Indemnité;""
3052;INDEMNITE COMPENSATRICE;STAGIAIRE;Indemnité;""
401A;RETENUE TRAVAIL NON-FAIT 27 09 13;AUTRE_STATUT;Indemnité;""
3209;PRIME SERVICE ET RENDEMENT;NON_TITULAIRE;Indemnité;""
401A;CONGES PAYES 01 03 AU 18 03 13;NON_TITULAIRE;Indemnité;""
438H;NOMBRE HEURES DIM.   JRS FERIES HD;NON_TITULAIRE;Indemnité;""
3046;I.F.T.S.;TITULAIRE;Rappels;""
4651;RET. T.I. POUR SERVICE NON FAIT;TITULAIRE;Rappels;""
4653;RET. IND POUR SERVICE NON FAIT;TITULAIRE;Rappels;""
1900;HEURES SUPPL.  = 14 H;TITULAIRE;Rappels;""
1010;TRAITEMENT INDICIAIRE;TITULAIRE;Rappels;""
305A;I.E.M.P.;TITULAIRE;Rappels;""
2450;INDEMN. FONCTION ADJOINT;ELU;Rappels;""
2456;INDEMNITE CONS. MUNICIPAL;ELU;Rappels;""
3051;I.A.T.;TITULAIRE;Rappels;""
4652;RET.N.B.I POUR SERVICE NON FAIT;TITULAIRE;Rappels;""
1700;IND. DIFFERENTIELLE. SMIC;TITULAIRE;Rappels;""
4670;DED CARENCE TT INDICIAIRE;TITULAIRE;Rappels;""
4672;DEDUCTION CARENCE SUR NBI;TITULAIRE;Rappels;""
4676;DED CARENCE REG INDEMNIT.;TITULAIRE;Rappels;""
438H;NOMBRE HEURES DIM.   JRS FERIES;TITULAIRE;Rappels;""
1022;HEURES 1ER MAI;TITULAIRE;Rappels;""
195B;IND. HOR.  TRAV. DIM  JOURS FERIES;TITULAIRE;Rappels;""
195F;IND. TRAVAUX INSALUBRES;TITULAIRE;Rappels;""
1510;DEMI-TRAITEMENT;TITULAIRE;Rappels;""
1930;HEURES SUPPL. DE NUIT;TITULAIRE;Rappels;""
1920;HEURES SUPPL. DIMANCHE JF;TITULAIRE;Rappels;""
4075;IND ASTR NUIT SEM FRACTIONNEE;TITULAIRE;Rappels;""
4070;IND. ASTREINTE JOUR SAMEDI;TITULAIRE;Rappels;""
1017;TRAITEMENT INDICIAIRE HORAIRE;NON_TITULAIRE;Rappels;""
1017;CONGES DE JUILLET A DECEMBRE 08;NON_TITULAIRE;Rappels;""
1017;CONGES DE JANVIER A JUILLET 09;NON_TITULAIRE;Rappels;""
195B;IND. HOR.  TRAV. DIM  JOURS FERIES;NON_TITULAIRE;Rappels;""
1017;CONGES OCT 09 A JUILLET 10;NON_TITULAIRE;Rappels;""
1017;CONGES AOUT 10 A JUILLET 11;NON_TITULAIRE;Rappels;""
1950;HEURES COMPL. TEMPS PARTIEL;TITULAIRE;Rappels;""
4250;IND. TVX DANG. INSAL. C1;TITULAIRE;Rappels;""
1955;H COMPL EXO TEMPS PARTIEL;TITULAIRE;Rappels;""
4040;IND. ASTREINTE SEM. FIL TECH.;TITULAIRE;Rappels;""
7231;REMB STATIONNEMENT JUILLET;TITULAIRE;Rappels;""
4050;IND. ASTREINTE NUIT SEMAINE;TITULAIRE;Rappels;""
4090;INDEMNITE D ASTREINTE WEEK-END;TITULAIRE;Rappels;""
401B;INDEMNITES D ASTREINTES            M.S;TITULAIRE;Rappels;""
0890;___  TEMPS PARTIEL  ___;TITULAIRE;Rappels;""
1040;SUPPLEMENT FAMILIAL;TITULAIRE;Rappels;""
7231;REMB. FRAIS STATIONNEMENT;TITULAIRE;Rappels;""
1011;NOMBRE DE POINTS BONIF.;TITULAIRE;Rappels;""
1012;NOUVELLE BONIFICATION INDICIAIRE;TITULAIRE;Rappels;""
1905;HS EXO  = 14HEURES;TITULAIRE;Rappels;""
401A;DEDUCTION RI 3EME ARRET MEDICAL;TITULAIRE;Rappels;""
195C;IND. HOR. TRAVAIL DE NUIT;TITULAIRE;Rappels;""
4929;CONGES PAYES SAISONNIERS;NON_TITULAIRE;Rappels;""
230B;VACATIONS THEATRE;NON_TITULAIRE;Rappels;""
4651;RET. T.I. POUR SERVICE NON FAIT;STAGIAIRE;Rappels;""
4653;RET. IND POUR SERVICE NON FAIT;STAGIAIRE;Rappels;""
1010;TRAITEMENT INDICIAIRE;STAGIAIRE;Rappels;""
401E;AIDE AUX VACANCES;TITULAIRE;Rappels;""
7211;REMB. FRAIS MISSION PERMANENT;TITULAIRE;Rappels;""
7210;REMB. FRAIS DE MISSION;TITULAIRE;Rappels;""
4872;COEFFICIENT DE MODULATION;TITULAIRE;Rappels;""
1925;HS EXO DIMANCHE JF;TITULAIRE;Rappels;""
1935;HS EXO DE NUIT;TITULAIRE;Rappels;""
195E;IND. CONDUITE ENGINS SPECIAUX;TITULAIRE;Rappels;""
4080;INDEMNITE D ASTREINTE JOURNEE DIM FERIE;TITULAIRE;Rappels;""
7211;REMB. FRAIS TRANSPORTS PUBLICS;TITULAIRE;Rappels;""
401V;COMPTE EPARGNE TEMPS;TITULAIRE;Rappels;""
1017;HEURES COMPLEMENTAIRES;AUTRE_STATUT;Rappels;""
1017;TRAITEMENT INDICIAIRE HORAIRE;AUTRE_STATUT;Rappels;""
1707;IND. DIFF. SMIC HORAIRE;AUTRE_STATUT;Rappels;""
3052;I.A.T. MS;TITULAIRE;Rappels;""
7211;REMB. FRAIS TRANSP. PUB.;TITULAIRE;Rappels;""
7211;REMB. TRANSPORTS 03 05 AU 09 05;TITULAIRE;Rappels;""
7211;REMB. TRANSPORTS 25 05 AU 31 05;TITULAIRE;Rappels;""
7211;REMB. TRANSPORTS 01 06 AU 30 06;TITULAIRE;Rappels;""
7211;REMB. TRANSPORTS 30 06 AU 06 07;TITULAIRE;Rappels;""
7211;REMB. TRANSPORTS 07 07 AU 13 07;TITULAIRE;Rappels;""
7211;REMB. TRANSPORTS 01 08 AU 31 08;TITULAIRE;Rappels;""
7211;REMB. TRANSPORTS 01 09 AU 07 09;TITULAIRE;Rappels;""
7211;REMB. TRANSPORTS 21 09 AU 27 09;TITULAIRE;Rappels;""
7211;REMB. TRANSPORTS 28 09 AU 04 10;TITULAIRE;Rappels;""
101B;N.B.I. DEMI-TRAITEMENT;TITULAIRE;Rappels;""
4370;I.S.P.M.;TITULAIRE;Rappels;""
3052;I.A.T. MS 2012;TITULAIRE;Rappels;""
3052;I.A.T. MS 2011;TITULAIRE;Rappels;""
401A;DEDUCTION RI 3EME ARRET MALADIE;TITULAIRE;Rappels;""
401E;AIDE AUX VACANCES;NON_TITULAIRE;Rappels;""
401A;DEDUCTION RI 4EME ARRET MEDICAL;TITULAIRE;Rappels;""
1950;HEURES COMPL. TEMPS PARTIEL;NON_TITULAIRE;Rappels;""
1955;H COMPL EXO TEMPS PARTIEL;NON_TITULAIRE;Rappels;""
1010;TRAITEMENT INDICIAIRE;NON_TITULAIRE;Rappels;""
1700;IND. DIFFERENTIELLE. SMIC;NON_TITULAIRE;Rappels;""
1040;SUPPLEMENT FAMILIAL;NON_TITULAIRE;Rappels;""
0880;___  TEMPS NON COMPLET  ___;NON_TITULAIRE;Rappels;""
1920;HEURES SUPPL. DIMANCHE JF;NON_TITULAIRE;Rappels;""
401A;INDEMNITE COMPENSATRICE;NON_TITULAIRE;Rappels;""
4151;IND. HOR. TRAVAIL INTEN.NUIT;TITULAIRE;Rappels;""
151A;IND. JOURN. PR MISE A DISPO D OFFICE;TITULAIRE;Rappels;""
3051;I.A.T.;NON_TITULAIRE;Rappels;""
401O;INDEMNITE COMPENSATRICE;NON_TITULAIRE;Rappels;""
4770;INDEMNITE COMPENSATRICE;TITULAIRE;Rappels;""
3052;I.F.T.S.  MS 2011;TITULAIRE;Rappels;""
3052;I.F.T.S.  MS 2012;TITULAIRE;Rappels;""
401A;INDEMNITE COMPENSATRICE;TITULAIRE;Rappels;""
3051;I.A.T.;STAGIAIRE;Rappels;""
3252;I.S.S.;STAGIAIRE;Rappels;""
7600;ALLOC. ENFANTS HANDICAP.;TITULAIRE;Rappels;""
101M;NOUVELLE BONIF. INDICIAIRE;TITULAIRE;Rappels;""
401A;DED RI 3E ARRET MALADIE;TITULAIRE;Rappels;""
401A;DED RI 4E ARRET MALADIE;TITULAIRE;Rappels;""
4771;INDEM COMPENS BRUT FIXE;TITULAIRE;Rappels;""
4307;PRIM. FONCT. RES PART FONCT.;TITULAIRE;Rappels;""
4308;PRIM. FONCT. RES PART IND.;TITULAIRE;Rappels;""
3052;I.F.T.S. MS;TITULAIRE;Rappels;""
401A;I.F.T.S.  MS 2012;TITULAIRE;Rappels;""
195B;IND. HOR.  TRAV. DIM  JOURS FERIES;STAGIAIRE;Rappels;""
195C;IND. HOR. TRAVAIL DE NUIT;STAGIAIRE;Rappels;""
101M;NOUVELLE BONIF. INDICIAIRE;STAGIAIRE;Rappels;""
3252;I.S.S.;TITULAIRE;Rappels;""
3046;I.F.T.S.;STAGIAIRE;Rappels;""
1920;HEURES SUPPL. DIMANCHE JF;STAGIAIRE;Rappels;""
1930;HEURES SUPPL. DE NUIT;STAGIAIRE;Rappels;""
401R;INDEMNITE DE REGIE 2008;TITULAIRE;Rappels;""
401R;INDEMNITE DE REGIE 2010;TITULAIRE;Rappels;""
401R;INDEMNITE DE REGIE 2011;TITULAIRE;Rappels;""
3052;I.F.T.S.  MS;TITULAIRE;Rappels;""
7211;REMB FRAIS TRANSPORT PUBLIC;TITULAIRE;Rappels;""
402A;INDEMNITE COMPENSATRICE;TITULAIRE;Rappels;""
401E;AIDE AUX VACANCES 2008;TITULAIRE;Rappels;""
401O;INDEMNITE COMPENSATRICE;TITULAIRE;Rappels;""
305A;I.E.M.P.;STAGIAIRE;Rappels;""
1012;NOUVELLE BONIFICATION INDICIAIRE;STAGIAIRE;Rappels;""
1011;NOMBRE DE POINTS BONIF.;STAGIAIRE;Rappels;""
401R;INDEMNITE DE REGIE;TITULAIRE;Rappels;""
4652;RET.N.B.I POUR SERVICE NON FAIT;STAGIAIRE;Rappels;""
1900;HEURES SUPPL.  = 14 H;STAGIAIRE;Rappels;""
1950;HEURES COMPL. TEMPS PARTIEL;STAGIAIRE;Rappels;""
1955;H COMPL EXO TEMPS PARTIEL;STAGIAIRE;Rappels;""
438H;NOMBRE HEURES D  JF HD;TITULAIRE;Rappels;""
438H;NOMBRE HEURES DIM   JF HD;TITULAIRE;Rappels;""
438H;NOMBRE HEURES D   JF  HD;TITULAIRE;Rappels;""
4670;DED CARENCE TT INDICIAIRE;STAGIAIRE;Rappels;""
4676;DED CARENCE REG INDEMNIT.;STAGIAIRE;Rappels;""
4672;DEDUCTION CARENCE SUR NBI;STAGIAIRE;Rappels;""
070A;CUMUL JOUR ENLEVE RI;TITULAIRE;Rappels;""
401B;IND ASTREINTES+JF SEM53;TITULAIRE;Rappels;""
401B;IND ASTREINTES+JF SEM52;TITULAIRE;Rappels;""
4872;COEFFICIENT DE MODULATION;STAGIAIRE;Rappels;""
3209;PRIME SERVICE ET RENDEMENT;TITULAIRE;Rappels;""
101M;NOUVELLE BONIF. IND. - AVEC MOTIF;STAGIAIRE;Rappels;""
7211;REMB. TRANSPORTS PUBLICS;TITULAIRE;Rappels;""
7211;REMB. FRAIS TRANSPORT PUBLIC;TITULAIRE;Rappels;""
7211;REMB. FRAISTRANSPORTS PUBLICS;TITULAIRE;Rappels;""
7211;REMB TRANSPORT PUBLIC;TITULAIRE;Rappels;""
4040;IND. ASTREINTE SEM. FIL TECH.;STAGIAIRE;Rappels;""
101M;NOUVELLE BONIF. IND. - AVEC MOTIF;TITULAIRE;Rappels;""
7231;REMB STATION MARS-AVRIL;TITULAIRE;Rappels;""
4705;AVANTAGES EN NATURE REPAS;TITULAIRE;Rappels;""
7232;FRAIS TRANSPORT UPC BAINS;TITULAIRE;Rappels;""
401A;INDEM COMPENS BRUT FIXE;TITULAIRE;Rappels;""
401A;COEFFICIENT DE MODULATION;TITULAIRE;Rappels;""
1910;HEURES SUPPL.   14 H;TITULAIRE;Rappels;""
3432;I.F.S.S. C..A.S.E.;STAGIAIRE;Rappels;""
438H;NB H D   J FERIES HD;TITULAIRE;Rappels;""
3011;GIPA (GAR.INDIVID.POUV.ACHAT) CALC;TITULAIRE;Rappels;""
401A;DEDUCTION RI 4EME ARRET MALADIE;TITULAIRE;Rappels;""
4715;AVANTAGE NATURE LOGEMENT            CALC;TITULAIRE;Rappels;""
1900;HEURES SUPPL. 5 ET 6 JUILLET;TITULAIRE;Rappels;""
2553;IND ENTRETIEN TPS COMPLET;AUTRE_STATUT;Rappels;""
2554;IND REPAS TPS COMPLET;AUTRE_STATUT;Rappels;""
2554;REG IND REPAS TPS COMPLET;AUTRE_STATUT;Rappels;""
2556;IND ENT TPS NN COMPLET;AUTRE_STATUT;Rappels;""
2557;REG INDEMNITE REPAS MIDI;AUTRE_STATUT;Rappels;""
2557;INDEMNITE REPAS MIDI;AUTRE_STATUT;Rappels;""
2558;REG INDEMNITE DE GOUTER;AUTRE_STATUT;Rappels;""
250E;INDEMNITES DIMACHES ET JF       ASMAT;AUTRE_STATUT;Rappels;""
2558;INDEMNITE DE GOUTER;AUTRE_STATUT;Rappels;""
2560;HEURES SUP. AMPLITUDE 10 H;AUTRE_STATUT;Rappels;""
2560;REGUL.HSUP;AUTRE_STATUT;Rappels;""
2561;HEURES AVANT 7 H ET APRES 20 H;AUTRE_STATUT;Rappels;""
7211;REMB. FRAIS TRANSPORTS PUBLICS;AUTRE_STATUT;Rappels;""
7211;REMB. TRANSPORTS PUBLICS;AUTRE_STATUT;Rappels;""
4651;RET. T.I. POUR SERVICE NON FAIT;NON_TITULAIRE;Rappels;""
4653;RET. IND POUR SERVICE NON FAIT;NON_TITULAIRE;Rappels;""
305A;I.E.M.P.;NON_TITULAIRE;Rappels;""
1510;DEMI-TRAITEMENT;NON_TITULAIRE;Rappels;""
438H;NOMBRE HEURES DIM.   JRS FERIES;STAGIAIRE;Rappels;""
438H;NOMBRE HEURES D JF HD;TITULAIRE;Rappels;""
438H;NOMBRE HEURES DIM.   JRS FERIES HD;TITULAIRE;Rappels;""
7211;REMB. FRAIS TRANPSORTS PUBLICS;TITULAIRE;Rappels;""
401A;I.A.T.;NON_TITULAIRE;Rappels;""
4790;IND JOURN 17 09 AU 19 10 09;NON_TITULAIRE;Rappels;""
8850;INDEM. JOURNALIERE SS NETTE;NON_TITULAIRE;Rappels;""
4872;COEFFICIENT DE MODULATION;NON_TITULAIRE;Rappels;""
1022;HEURES 1ER MAI;STAGIAIRE;Rappels;""
4151;IND. HOR. TRAVAIL INTEN.NUIT;STAGIAIRE;Rappels;""
438H;NOMBRE HEURES D JF  HD;TITULAIRE;Rappels;""
438H;NOMBRE HEURES D  JF  HD;TITULAIRE;Rappels;""
3052;I.F.S.S. C.A.S.E.  MS;TITULAIRE;Rappels;""
3052;I.F.S.S. C.A.S.E.   MS;TITULAIRE;Rappels;""
3052;INDEMNITE COMPENSATRICE;NON_TITULAIRE;Rappels;""
3420;P.S.;TITULAIRE;Rappels;""
3435;I.S.S.;TITULAIRE;Rappels;""
401E;AIDE AUX VACANCES 2008;NON_TITULAIRE;Rappels;""
7211;DED PART MUT EMPLOYEUR;TITULAIRE;Rappels;""
3052;I.F.S.S. C.A.S.E.;TITULAIRE;Rappels;""
3432;I.F.S.S. C..A.S.E.;TITULAIRE;Rappels;""
7211;REMBTRANSPORT PUBLIC MARS;TITULAIRE;Rappels;""
7211;REMB TRANSPORT PUBLIC AVRIL;TITULAIRE;Rappels;""
7211;REMB TRANSPORT PUBLIC MAI;TITULAIRE;Rappels;""
7211;RB FRAIS TRANSPORT PUBLIC;TITULAIRE;Rappels;""
3430;I.S.S.A.P.S.;TITULAIRE;Rappels;""
3411;P.F.A.S.P.;TITULAIRE;Rappels;""
3413;P.S.F.S.;TITULAIRE;Rappels;""
4790;IND. JOURN DU 18 12 AU 24 12 08;NON_TITULAIRE;Rappels;""
4670;DED CARENCE TT INDICIAIRE;NON_TITULAIRE;Rappels;""
4676;DED CARENCE REG INDEMNIT.;NON_TITULAIRE;Rappels;""
250A;REMUNERATION COMPLEMENTAIRE;AUTRE_STATUT;Rappels;""
230C;INDEMNITE COMPL. MALADIE  90%;AUTRE_STATUT;Rappels;""
401A;CONGES PAYES;AUTRE_STATUT;Rappels;""
401N;INDEMNITE COMPENSATOIRE;AUTRE_STATUT;Rappels;""
2553;REGUL. IND ENTRETIEN 2008;AUTRE_STATUT;Rappels;""
250E;REUNION DU 26.01.2009;AUTRE_STATUT;Rappels;""
2553;REGUL.IND ENTRETIEN 01.2009;AUTRE_STATUT;Rappels;""
2558;REG INDEM.GOUTER 01.2009;AUTRE_STATUT;Rappels;""
401N;PRIME AIDE VACANCES MS;AUTRE_STATUT;Rappels;""
401N;PRIME AIDE VACANCES MS(FORFAIT);AUTRE_STATUT;Rappels;""
2501;PRIME DEPART RETRAITE;AUTRE_STATUT;Rappels;""
2556;REGUL.IND ENTRETIEN 2008;AUTRE_STATUT;Rappels;""
401G;CHEQUES VACANCES MS;AUTRE_STATUT;Rappels;""
2553;REGUL.IND ENTRETIEN 2008;AUTRE_STATUT;Rappels;""
2553;REG.IND ENTRETIEN 01.2009;AUTRE_STATUT;Rappels;""
4705;AVANTAGES EN NATURE REPAS;NON_TITULAIRE;Rappels;""
7232;FRAIS TRANSPORT UPC BAINS;NON_TITULAIRE;Rappels;""
7233;FRAIS TRANSP JOUR UPC BAINS;TITULAIRE;Rappels;""
4705;AVANTAGES EN NATURE REPAS;STAGIAIRE;Rappels;""
4771;INDEM COMPENS BRUT FIXE;STAGIAIRE;Rappels;""
7211;REMB. FRAIS MISSION PERMANENT;NON_TITULAIRE;Rappels;""
3205;P.S.R.;TITULAIRE;Rappels;""
2554;REGUL.IND REPS TPS COMPLET;AUTRE_STATUT;Rappels;""
2557;REG  INDEMNITE REPAS MIDI;AUTRE_STATUT;Rappels;""
2558;REG INEMNITE DE GOUTER;AUTRE_STATUT;Rappels;""
2302;VAC ETUD SURV NON ENSEIGNANTS;NON_TITULAIRE;Rappels;""
401A;INDEMNITES CHANGEMENT RESIDENCE;TITULAIRE;Rappels;""
7210;IND. CHANGEMENT RESIDENCE;TITULAIRE;Rappels;""
4370;I.S.P.M.;STAGIAIRE;Rappels;""
1041;SUPPLEMENT FAMILIAL                   MS;AUTRE_STATUT;Rappels;""
0880;___  TEMPS NON COMPLET  ___;TITULAIRE;Rappels;""
2554;REG IN REPAS TPS COMPLET;AUTRE_STATUT;Rappels;""
1900;HEURES SUPPL.  = 14 H;NON_TITULAIRE;Rappels;""
1930;HEURES SUPPL. DE NUIT;NON_TITULAIRE;Rappels;""
195F;IND. TRAVAUX INSALUBRES;NON_TITULAIRE;Rappels;""
4250;IND. TVX DANG. INSAL. C1;NON_TITULAIRE;Rappels;""
4075;IND ASTR NUIT SEM FRACTIONNEE;NON_TITULAIRE;Rappels;""
4070;IND. ASTREINTE JOUR SAMEDI;NON_TITULAIRE;Rappels;""
4090;INDEMNITE D ASTREINTE WEEK-END;NON_TITULAIRE;Rappels;""
4050;IND. ASTREINTE NUIT SEMAINE;NON_TITULAIRE;Rappels;""
4929;CONGES PAYES SAISONNIERS;STAGIAIRE;Rappels;""
4050;IND. ASTREINTE NUIT SEMAINE;STAGIAIRE;Rappels;""
3413;P.S.F.S.;STAGIAIRE;Rappels;""
4770;INDEMNITE COMPENSATRICE;STAGIAIRE;Rappels;""
3005;I.H.T.S.;STAGIAIRE;Rappels;""
401A;I.S.S.;TITULAIRE;Rappels;""
401A;RET RI SERVICE NON FAIT;TITULAIRE;Rappels;""
1905;HS EXO  = 14HEURES;NON_TITULAIRE;Rappels;""
401O;INDEMNITE COMPENSATRICE;STAGIAIRE;Rappels;""
230B;VACATIONS THEATRE;STAGIAIRE;Rappels;""
230B;VACATIONS THEATRE;TITULAIRE;Rappels;""
1700;IND. DIFFERENTIELLE. SMIC;STAGIAIRE;Rappels;""
438H;HEURES DIM JRS FERIES 01 01 AU 28 05 07;TITULAIRE;Rappels;""
2005;TRAITEMENT ANIMATEUR;NON_TITULAIRE;Rappels;""
211D;HEURES SUPPLEMENTAIRES CUI;NON_TITULAIRE;Rappels;""
1950;H COMPL 18 02 AU 31 03 09;TITULAIRE;Rappels;""
1950;H COMPL 18 02 AU 31 03 09;STAGIAIRE;Rappels;""
1955;H COMPL 18 02 AU 31 03 09;STAGIAIRE;Rappels;""
7231;REMB STATION JANV-FEV-MARS;TITULAIRE;Rappels;""
7231;REMB STATION AVRIL-MAI-JUIN;TITULAIRE;Rappels;""
7231;REMB STATION SEPT-OCT-NOV;TITULAIRE;Rappels;""
7210;REMB. FRAIS DE MISSION;NON_TITULAIRE;Rappels;""
2301;VACATIONS ANIM. POL. VILLE;NON_TITULAIRE;Rappels;""
3052;I.F.S.S. C.A.S.E.  MS;NON_TITULAIRE;Rappels;""
1950;HEURES COMPL. TEMPS PARTIEL MAI ET JUIN;NON_TITULAIRE;Rappels;""
1955;HEURES COMPL TEMPS PARTIEL MAI ET JUIN;NON_TITULAIRE;Rappels;""
3432;I.F.S.S. C..A.S.E.;NON_TITULAIRE;Rappels;""
7231;REMB. FRAIS STATIONNEMENT;STAGIAIRE;Rappels;""
0890;___  TEMPS PARTIEL  ___;STAGIAIRE;Rappels;""
4050;IND. ASTREIN NUIT SEM 50;NON_TITULAIRE;Rappels;""
4050;IND. ASTREIN NUIT SEM 51;NON_TITULAIRE;Rappels;""
4090;IND ASTREIN W-END SEM 50;NON_TITULAIRE;Rappels;""
1007;TRAITEMENT INDICIAIRE HOR. ANIM.;NON_TITULAIRE;Rappels;""
4290;PRIME FONCTION INFORMATIQUE;TITULAIRE;Rappels;""
401A;PRIM. FONCT. RES PART FONCT.;TITULAIRE;Rappels;""
401A;PRIM. FONCT. RES PART IND.;TITULAIRE;Rappels;""
401B;PRIM. FONCT. RES PART IND.;TITULAIRE;Rappels;""
4790;IND JOURN 21 11 AU 30 11 09;NON_TITULAIRE;Rappels;""
195C;IND. HOR. TRAVAIL DE NUIT;NON_TITULAIRE;Rappels;""
401A;IND COMPENSATRICE 2013;NON_TITULAIRE;Rappels;""
1900;HEURES SUPPL. 17 12 ET 18 12 2012;TITULAIRE;Rappels;""
2300;VACATIONS;NON_TITULAIRE;Rappels;""
1040;SUPPLEMENT FAMILIAL;STAGIAIRE;Rappels;""
7211;REMB. FRAIS MISSION PERMANENT;AUTRE_STATUT;Rappels;""
2219;SALAIRE CONTRAT ADULTES-RELAIS;AUTRE_STATUT;Rappels;""
4750;SOLDE CONGES PAYES;AUTRE_STATUT;Rappels;""
401A;SOLDE HEURES REGIE;AUTRE_STATUT;Rappels;""
3420;P.S.;NON_TITULAIRE;Rappels;""
3430;I.S.S.A.P.S.;NON_TITULAIRE;Rappels;""
401R;INDEMNITE DE REGIE;NON_TITULAIRE;Rappels;""
4790;IND JOURN 11 11 AU 14 12 09;NON_TITULAIRE;Rappels;""
4790;IND JOURN 06 01 AU 01 03 10;NON_TITULAIRE;Rappels;""
1510;DEMI-TRAITEMENT;STAGIAIRE;Rappels;""
4872;MODULATION POSITIVE;TITULAIRE;Rappels;""
2600;CHOMAGE ALLOCATION BASE;AUTRE_STATUT;Rappels;""
401A;AIDE AUX VACANCES 2008;AUTRE_STATUT;Rappels;""
401A;ASTREINTES WE 5-6 11 11;TITULAIRE;Rappels;""
1707;IND. DIFF. SMIC HORAIRE;NON_TITULAIRE;Rappels;""
3052;I.A.T. MS 2013;TITULAIRE;Rappels;""
3046;I.F.T.S.;NON_TITULAIRE;Rappels;""
196A;HEURES ELECTIONS;NON_TITULAIRE;Rappels;""
1935;HS EXO DE NUIT;NON_TITULAIRE;Rappels;""
1925;HS EXO DIMANCHE JF;NON_TITULAIRE;Rappels;""
7211;REMB. FRAIS MISSION PERMANENT;STAGIAIRE;Rappels;""
1905;HS EXO  = 14HEURES;STAGIAIRE;Rappels;""
1925;HS EXO DIMANCHE JF;STAGIAIRE;Rappels;""
1935;HS EXO DE NUIT;STAGIAIRE;Rappels;""
1012;NOUVELLE BONIFICATION INDICIAIRE;NON_TITULAIRE;Rappels;""
4652;RET.N.B.I POUR SERVICE NON FAIT;NON_TITULAIRE;Rappels;""
1011;NOMBRE DE POINTS BONIF.;NON_TITULAIRE;Rappels;""
195F;IND. TRAVAUX INSALUBRES;STAGIAIRE;Rappels;""
1950;H COMPL 18 02 AU 31 03 09;NON_TITULAIRE;Rappels;""
1022;HEURES 1ER MAI;NON_TITULAIRE;Rappels;""
195E;IND. CONDUITE ENGINS SPECIAUX;NON_TITULAIRE;Rappels;""
3252;I.S.S.;NON_TITULAIRE;Rappels;""
401B;IND ASTREIN 25 12 AU 02 01 11;TITULAIRE;Rappels;""
401B;IND ASTREINTES SEM 52;TITULAIRE;Rappels;""
4710;AVANTAGE NATURE LOGEMENT              MS;TITULAIRE;Rappels;""
1013;TI ABSENCE NON REMUNEREE;NON_TITULAIRE;Rappels;""
4790;IND JOURN 04 08 AU 07 08 09;NON_TITULAIRE;Rappels;""
3433;P.D.C.I.;NON_TITULAIRE;Rappels;""
1950;HEURES COMPL. HD;TITULAIRE;Rappels;""
1950;HEURES COMPL. TEMPS PARTIEL HD;TITULAIRE;Rappels;""
401A;INDEMNITES DIVERSES         M.S.;TITULAIRE;Rappels;""
4750;CONGES PAYES                          MS;STAGIAIRE;Rappels;""
401A;INDEMNITE COMPENSATRICE;AUTRE_STATUT;Rappels;""
4750;CONGES PAYES                          MS;NON_TITULAIRE;Rappels;""
4790;IND JOURN 13 AU 18 12 11;NON_TITULAIRE;Rappels;""
1017;HEURES COMPLEMENTAIRES;NON_TITULAIRE;Rappels;""
1041;SUPPLEMENT FAMILIAL                   MS;NON_TITULAIRE;Rappels;""
1041;SUPPLEMENT FAMILIAL;NON_TITULAIRE;Rappels;""
1900;HEURES SUPPL CROSS;NON_TITULAIRE;Rappels;""
1920;HEURES SUPPL. DIM JF TRAIL;NON_TITULAIRE;Rappels;""
4790;IND JOURN 19 02 AU 28 02 09;TITULAIRE;Rappels;""
8850;INDEM. JOURNALIERE SS NETTE;TITULAIRE;Rappels;""
4750;CONGES PAYES;NON_TITULAIRE;Rappels;""
401V;COMPTE EPARGNE TEMPS;NON_TITULAIRE;Rappels;""
4307;PRIM. FONCT. RES PART FONCT.;NON_TITULAIRE;Rappels;""
4308;PRIM. FONCT. RES PART IND.;NON_TITULAIRE;Rappels;""
4790;IND JOURN 12 09 AU 18 09 09;NON_TITULAIRE;Rappels;""
2400;INDEMNITE FONCTION MAIRE;ELU;Rappels;""
1007;HEURES COMPLEMENTAIRES;NON_TITULAIRE;Rappels;""
401A;HEURES COMPLEMENTAIRES;NON_TITULAIRE;Rappels;""
1950;HEURES COMPL. TEMPS PARTIEL 18-20-21 06;NON_TITULAIRE;Rappels;""
3420;P.S.;STAGIAIRE;Rappels;""
3430;I.S.S.A.P.S.;STAGIAIRE;Rappels;""
4790;IND JOURN 23 10 AU 11 02 11;NON_TITULAIRE;Rappels;""
438H;NOMBRE HEURES DIM.   JRS FERIES;NON_TITULAIRE;Rappels;""
3411;P.F.A.S.P.;NON_TITULAIRE;Rappels;""
2204;REMUNERATION C.U.I;NON_TITULAIRE;Rappels;""
4750;CONGES PAYES SAISONNIERS;NON_TITULAIRE;Rappels;""
7650;IJ DU 16 01 AU 27 01 12;NON_TITULAIRE;Rappels;""
3052;I.A.T. MS;NON_TITULAIRE;Rappels;""
4715;AVANTAGE NATURE LOGEMENT            CALC;STAGIAIRE;Rappels;""
307A;REMUNERATION STAGIAIRE (25%SMIC);AUTRE_STATUT;Rappels;""
307A;REMUNERATION STAGIAIRE (25%SMIC);NON_TITULAIRE;Rappels;""
205A;INDEMNITE DE CONSEIL 2008;NON_TITULAIRE;Rappels;""
2452;INDEMN. CONSEILLER MUNIC;ELU;Rappels;""
2204;SERVICE NON FAIT;NON_TITULAIRE;Rappels;""
211D;HEURES SUPPLEMENTAIRES CAE;NON_TITULAIRE;Rappels;""
2204;RETENUE SERVICE NON FAIT;NON_TITULAIRE;Rappels;""
4790;IND JOURN 16 02 AU 19 02 10;NON_TITULAIRE;Rappels;""
211D;HEURES 1ER MAI;NON_TITULAIRE;Rappels;""
211D;HEURES SUPPLEMENTAIRES;NON_TITULAIRE;Rappels;""
211D;RETENUE POUR SERVICE NON FAIT;NON_TITULAIRE;Rappels;""
211D;HEURES SUPPLEMENTAIRES CEC;NON_TITULAIRE;Rappels;""
2204;REMUNERATION CAE;NON_TITULAIRE;Rappels;""
401A;HEURES COMPLEMENTAIRE;NON_TITULAIRE;Rappels;""
401B;INDEMNITES D ASTREINTES            M.S;NON_TITULAIRE;Rappels;""
4040;IND. ASTREINTE SEM. FIL TECH.;NON_TITULAIRE;Rappels;""
4750;COEFFICIENT DE MODULATION RAPPEL OCT;TITULAIRE;Rappels;""
401A;SUPPLEMENT FAMILIAL OCT-NOV-DEC;NON_TITULAIRE;Rappels;""
2204;RETENUE PR SERV NON FAIT;NON_TITULAIRE;Rappels;""
4790;IJ DU 23 07 AU 06 08 2010;NON_TITULAIRE;Rappels;""
2204;RETENUE SERV NON FAIT;NON_TITULAIRE;Rappels;""
2300;ACT PUB A TITRE ACCESS.;NON_TITULAIRE;Rappels;""
3052;PRIM. FONCT. RES. PART IND. MS 2012;TITULAIRE;Rappels;""
1017;TRAITEMENT INDICIAIRE HORAIRE;EMPLOI_AIDE;Rappels;""
4929;CONGES PAYES SAISONNIERS;EMPLOI_AIDE;Rappels;""
401A;SUPPLEMENT FAMILIAL;NON_TITULAIRE;Rappels;""
401A;SUPPLEMENT FAMILIAL HOR;NON_TITULAIRE;Rappels;""
205A;INDEMNITE CONSEIL 2009;NON_TITULAIRE;Rappels;""
205A;INDEMNITE CONSEIL 2010;NON_TITULAIRE;Rappels;""
205A;INDEMNITE CONSEIL EXERCICE 2011;NON_TITULAIRE;Rappels;""
205A;IND CONSEIL EXERCICE 2012;NON_TITULAIRE;Rappels;""
2250;SALAIRE APPRENTI;AUTRE_STATUT;Rappels;""
1030;GRATIFICATION ETUDIANT EN STAGE;AUTRE_STATUT;Rappels;""
4750;CONGES PAYES 01 AU 07 06 10;NON_TITULAIRE;Rappels;""
7211;REMB TRANSPORT PUBLIC;NON_TITULAIRE;Rappels;""
1910;HEURES SUPPL.   14 H;NON_TITULAIRE;Rappels;""
195C;IND. HOR. TRAVAIL DE NUIT;EMPLOI_AIDE;Rappels;""
211D;HEURES SUP DIM CEA;EMPLOI_AIDE;Rappels;""
2230;REMUNERATION CEA;EMPLOI_AIDE;Rappels;""
4750;SOLDE CONGES PAYES;EMPLOI_AIDE;Rappels;""
401A;TRAITEMENT INDICIAIRE;NON_TITULAIRE;Rappels;""
401B;INDEMNITES D ASTREINTES            M.S;STAGIAIRE;Rappels;""
4075;IND ASTR NUIT SEM FRACTIONNEE;STAGIAIRE;Rappels;""
4090;INDEMNITE D ASTREINTE WEEK-END;STAGIAIRE;Rappels;""
4080;INDEMNITE D ASTREINTE JOURNEE DIM FERIE;STAGIAIRE;Rappels;""
1950;HEURES COMPL. TEMPS PARTIEL;AUTRE_STATUT;Rappels;""
4929;CONGES PAYES SAISONNIERS;AUTRE_STATUT;Rappels;""
4750;CONGES PAYES 5.5 ET 6 H RTT;NON_TITULAIRE;Rappels;""
2302;VAC ETUD SURV NON ENSEI JUILLET;NON_TITULAIRE;Rappels;""
401A;DED CARENCE TT INDICIAIRE;NON_TITULAIRE;Rappels;""
7231;REMB. FRAIS STATIONNEMENT;NON_TITULAIRE;Rappels;""
7231;REMB STATION AVRIL;NON_TITULAIRE;Rappels;""
7231;REMB STATIONNEMENT MAI;NON_TITULAIRE;Rappels;""
1950;HEURES COMPL. SERVICE EDUC;NON_TITULAIRE;Rappels;""
0880;___  TEMPS NON COMPLET  ___;AUTRE_STATUT;Rappels;""
1010;TRAITEMENT INDICIAIRE;AUTRE_STATUT;Rappels;""
7231;REMB STATION SEPT;NON_TITULAIRE;Rappels;""
1910;HEURES SUPPL.   14 H;STAGIAIRE;Rappels;""
7231;REMB STATION DEC 12;NON_TITULAIRE;Rappels;""
1950;HEURES COMPL. TP LE 24 ET 26 06 2013;NON_TITULAIRE;Rappels;""
401A;SERVICE NON FAIT (3 H LE 26 04 2013);NON_TITULAIRE;Rappels;""
805C;COT SALARIALE CAS;TITULAIRE;Retenues;""
401J;COT OUV AIDE VACANCES AFF;TITULAIRE;Retenues;""
805B;MUTUELLE INVALIDITE M.N.T.;TITULAIRE;Retenues;""
805I;COTSATION MUTUELLE MNT PRIMES;TITULAIRE;Retenues;""
804B;M.N.T. T.I. INVAL 1.60 %;TITULAIRE;Retenues;""
804I;M.N.T. R.I. INVAL 1.60 %;TITULAIRE;Retenues;""
804N;MNT INVAL TOT 0.34;TITULAIRE;Retenues;""
804P;DED PART MUT EMPLOYEUR;TITULAIRE;Retenues;""
814B;M.N.T. T.I. INVAL 1.60 %;TITULAIRE;Retenues;""
814I;M.N.T. R.I. INVAL 1.60 %;TITULAIRE;Retenues;""
814N;MNT INVAL TOT 0.34;TITULAIRE;Retenues;""
814P;DED PART MUT EMPLOYEUR;TITULAIRE;Retenues;""
805N;MUTUELLE MNT INV. TOT.;TITULAIRE;Retenues;""
804C;M.N.T. T.I. INVAL 2.03 %;TITULAIRE;Retenues;""
8050;MUTUELLE M.N.T.          MS;TITULAIRE;Retenues;""
804C;M.N.T. T.I. INVAL 1.68 %;TITULAIRE;Retenues;""
805C;COT SALARIALE CAS;NON_TITULAIRE;Retenues;""
401J;COT OUV AIDE VACANCES AFF;NON_TITULAIRE;Retenues;""
8051;MUTUELLE EOVI M.S;TITULAIRE;Retenues;""
805A;MUTUELLE M.P.C.L                 MS;TITULAIRE;Retenues;""
805C;COT SALARIALE CAS;STAGIAIRE;Retenues;""
8020;COTIS. OUV. POLE EMPLOI;AUTRE_STATUT;Retenues;""
8053;MNT TROP PERCU MAINT. SAL.;TITULAIRE;Retenues;""
8105;PREFON                           MATRICE;TITULAIRE;Retenues;""
805T;MUTUELLE INV. M.N.T. IND.;TITULAIRE;Retenues;""
805Q;M.P.C.L MAINTIEN SALAIRE;TITULAIRE;Retenues;""
820P;DED PART MUT EMPLOYEUR;TITULAIRE;Retenues;""
824P;DED PART MUT EMPLOYEUR;TITULAIRE;Retenues;""
805V;MUTUELLE INV. IND. OPTION 1;TITULAIRE;Retenues;""
804B;M.N.T. T.I. INVAL 0.85 %;TITULAIRE;Retenues;""
804I;M.N.T. R.I. INVAL 0.85 %;TITULAIRE;Retenues;""
814B;M.N.T. T.I. INVAL 0.85 %;TITULAIRE;Retenues;""
814I;M.N.T. R.I. INVAL 0.85 %;TITULAIRE;Retenues;""
8050;MUTUELLE M.N.T.          MS;STAGIAIRE;Retenues;""
805B;MUTUELLE INVALIDITE M.N.T.;STAGIAIRE;Retenues;""
805I;COTSATION MUTUELLE MNT PRIMES;STAGIAIRE;Retenues;""
804C;M.N.T. T.I. INVAL 0.89 %;TITULAIRE;Retenues;""
805N;MUTUELLE MNT INV. TOT.;STAGIAIRE;Retenues;""
8105;PREFON                           MATRICE;STAGIAIRE;Retenues;""
8051;MUTUELLE EOVI M.S;STAGIAIRE;Retenues;""
805Y;MNT. R.I OPTION 1   61 JRS;TITULAIRE;Retenues;""
804B;M.N.T. T.I. INVAL 1.60 %;STAGIAIRE;Retenues;""
804I;M.N.T. R.I. INVAL 1.60 %;STAGIAIRE;Retenues;""
804P;DED PART MUT EMPLOYEUR;STAGIAIRE;Retenues;""
814B;M.N.T. T.I. INVAL 1.60 %;STAGIAIRE;Retenues;""
814I;M.N.T. R.I. INVAL 1.60 %;STAGIAIRE;Retenues;""
814P;DED PART MUT EMPLOYEUR;STAGIAIRE;Retenues;""
401J;COT OUV AIDE VACANCES AFF;STAGIAIRE;Retenues;""
805A;MUTUELLE M.P.C.L                 MS;STAGIAIRE;Retenues;""
805X;MNT INVAL. IND. OPTION 3;STAGIAIRE;Retenues;""
805X;MNT INVAL. IND. OPTION 3;TITULAIRE;Retenues;""
804N;MNT INVAL TOT 0.34;STAGIAIRE;Retenues;""
814N;MNT INVAL TOT 0.34;STAGIAIRE;Retenues;""
805H;COTISATION MNT DECES;STAGIAIRE;Retenues;""
805H;COTISATION MNT DECES;TITULAIRE;Retenues;""
805A;MUTUELLE M.P.C.L                 MS;NON_TITULAIRE;Retenues;""
805B;MUTUELLE INVALIDITE M.N.T.;NON_TITULAIRE;Retenues;""
805I;COTSATION MUTUELLE MNT PRIMES;NON_TITULAIRE;Retenues;""
804B;M.N.T. T.I. INVAL 1.60 % 2 MOIS;TITULAIRE;Retenues;""
804I;M.N.T. R.I. INVAL 1.60 % 2 MOIS;TITULAIRE;Retenues;""
805I;COTISATION MUTUELLE MNT PRIMES;TITULAIRE;Retenues;""
804C;M.N.T. T.I. INVAL 1.68 %;STAGIAIRE;Retenues;""
804C;M.N.T. T.I. INVAL 2.03 %;STAGIAIRE;Retenues;""
85AB;M.N.T. INV 1.06 %;TITULAIRE;Retenues;""
804C;M.N.T. T.I. INVAL MAI 13;TITULAIRE;Retenues;""
804B;M.N.T. T.I. INVAL 1.08 %;TITULAIRE;Retenues;""
804I;M.N.T. R.I. INVAL 1.08 %;TITULAIRE;Retenues;""
804C;M.N.T. T.I. INVAL 1.12 %;TITULAIRE;Retenues;""
806F;MUTUELLE INV. IND. OPT 1;TITULAIRE;Retenues;""
8306;PRET CREATIS;TITULAIRE;Retenues;""
8305;PRET CREDIT MUNICIPAL   LYON;TITULAIRE;Retenues;""
8053;REGUL MNT;TITULAIRE;Retenues;""
8053;MPCL REGUL;TITULAIRE;Retenues;""
805U;M.P.C.L MAINTIEN PRIMES 0.41;TITULAIRE;Retenues;""
805U;M.P.C.L MAINTIEN PRIMES;TITULAIRE;Retenues;""
8050;MUTUELLE M.N.T.          MS;AUTRE_STATUT;Retenues;""
805C;COT SALARIALE CAS;AUTRE_STATUT;Retenues;""
805Z;COT 0.41 INV. M.N.T PRIMES;TITULAIRE;Retenues;""
8020;COTIS. OUV. POLE EMPLOI;NON_TITULAIRE;Retenues;""
805A;MUTUELLE M.P.C.L                 MS;AUTRE_STATUT;Retenues;""
8051;MUTUELLE EOVI M.S;AUTRE_STATUT;Retenues;""
8305;PRET CREDIT MUNICIPAL                 MS;NON_TITULAIRE;Retenues;""
805P;MNT  INVALIDITE NON TITULAIRE;NON_TITULAIRE;Retenues;""
805W;MUTUELLE INV. IND. OPTION 2;TITULAIRE;Retenues;""
805W;MUTUELLE INV. IND. OPTION 2;STAGIAIRE;Retenues;""
8305;PRET CREDIT MUNICIPAL                 MS;TITULAIRE;Retenues;""
401J;COT OUV AIDE VACANCES AFF;AUTRE_STATUT;Retenues;""
8059;MUTUELLE M.N.T. INV. OPTION1 BIS;TITULAIRE;Retenues;""
8050;MUTUELLE M.N.T.          MS;NON_TITULAIRE;Retenues;""
812A;COTISATION SALARIALE C.A.S.;NON_TITULAIRE;Retenues;""
8020;COTIS. OUV. POLE EMPLOI;STAGIAIRE;Retenues;""
820P;DED PART MUT EMPLOYEUR;STAGIAIRE;Retenues;""
824P;DED PART MUT EMPLOYEUR;STAGIAIRE;Retenues;""
8050;MUTUELLE M.N.T.          MS;EMPLOI_AIDE;Retenues;""
804C;M.N.T. T.I. INVAL 0.89 %;STAGIAIRE;Retenues;""
1040;SUPPLEMENT FAMILIAL;TITULAIRE;Supplément familial;""
1040;SUPPLEMENT FAMILIAL;STAGIAIRE;Supplément familial;""
1041;SUPPLEMENT FAMILIAL                   MS;AUTRE_STATUT;Supplément familial;""
1040;SUPPLEMENT FAMILIAL;NON_TITULAIRE;Supplément familial;""
1041;SUPPLEMENT FAMILIAL                   MS;NON_TITULAIRE;Supplément familial;""
1041;SUPPLEMENT FAMILIAL;NON_TITULAIRE;Supplément familial;""
2450;INDEMN. FONCTION ADJOINT;ELU;Traitement;""
1010;TRAITEMENT INDICIAIRE;TITULAIRE;Traitement;""
1900;HEURES SUPPL.  = 14 H;TITULAIRE;Traitement;""
4651;RET. T.I. POUR SERVICE NON FAIT;TITULAIRE;Traitement;""
196A;HEURES ELECTIONS;TITULAIRE;Traitement;""
401V;COMPTE EPARGNE TEMPS;TITULAIRE;Traitement;""
2456;INDEMNITE CONS. MUNICIPAL;ELU;Traitement;""
1012;NOUVELLE BONIFICATION INDICIAIRE;TITULAIRE;Traitement;""
0890;___  TEMPS PARTIEL  ___;TITULAIRE;Traitement;""
1011;NOMBRE DE POINTS BONIF.;TITULAIRE;Traitement;""
4652;RET.N.B.I POUR SERVICE NON FAIT;TITULAIRE;Traitement;""
1017;TRAITEMENT INDICIAIRE HORAIRE;NON_TITULAIRE;Traitement;""
0880;___  TEMPS NON COMPLET  ___;TITULAIRE;Traitement;""
4670;DED CARENCE TT INDICIAIRE;TITULAIRE;Traitement;""
2300;VACATIONS;NON_TITULAIRE;Traitement;""
1010;TRAITEMENT INDICIAIRE;STAGIAIRE;Traitement;""
196A;HEURES ELECTIONS;STAGIAIRE;Traitement;""
2600;CHOMAGE ALLOCATION BASE;AUTRE_STATUT;Traitement;""
1950;HEURES COMPL. TEMPS PARTIEL;TITULAIRE;Traitement;""
1905;HS EXO  = 14HEURES;TITULAIRE;Traitement;""
1920;HEURES SUPPL. DIMANCHE JF;TITULAIRE;Traitement;""
1930;HEURES SUPPL. DE NUIT;TITULAIRE;Traitement;""
4672;DEDUCTION CARENCE SUR NBI;TITULAIRE;Traitement;""
1017;TRAITEMENT INDICIAIRE HORAIRE;AUTRE_STATUT;Traitement;""
1017;HEURES COMPLEMENTAIRES;AUTRE_STATUT;Traitement;""
1510;DEMI-TRAITEMENT;TITULAIRE;Traitement;""
0880;___  TEMPS NON COMPLET  ___;NON_TITULAIRE;Traitement;""
1010;TRAITEMENT INDICIAIRE;NON_TITULAIRE;Traitement;""
4929;CONGES PAYES SAISONNIERS;NON_TITULAIRE;Traitement;""
151A;IND. JOURN. PR MISE A DISPO D OFFICE;TITULAIRE;Traitement;""
1925;HS EXO DIMANCHE JF;TITULAIRE;Traitement;""
101M;NOUVELLE BONIF. INDICIAIRE;TITULAIRE;Traitement;""
0890;___  TEMPS PARTIEL  ___;STAGIAIRE;Traitement;""
101M;NOUVELLE BONIF. INDICIAIRE;STAGIAIRE;Traitement;""
402V;C.E.T. REVERSE A LA R.A.F.P.;TITULAIRE;Traitement;""
1012;NOUVELLE BONIFICATION INDICIAIRE;STAGIAIRE;Traitement;""
1011;NOMBRE DE POINTS BONIF.;STAGIAIRE;Traitement;""
4651;RET. T.I. POUR SERVICE NON FAIT;STAGIAIRE;Traitement;""
401V;C.E.T. 16 JOURS;TITULAIRE;Traitement;""
0890;___  TEMPS PARTIEL  ___;NON_TITULAIRE;Traitement;""
196A;HEURES ELECTIONS NUIT;TITULAIRE;Traitement;""
101M;NOUVELLE BONIF. IND. - AVEC MOTIF;STAGIAIRE;Traitement;""
101M;NOUVELLE BONIF. IND. - AVEC MOTIF;TITULAIRE;Traitement;""
1910;HEURES SUPPL.   14 H;TITULAIRE;Traitement;""
101B;N.B.I. DEMI-TRAITEMENT;TITULAIRE;Traitement;""
2501;REMUNERATION DE BASE 3E;AUTRE_STATUT;Traitement;""
250A;REMUNERATION COMPLEMENTAIRE;AUTRE_STATUT;Traitement;""
2561;HEURES AVANT 7 H ET APRES 20 H;AUTRE_STATUT;Traitement;""
250E;INDEMNITES DIMACHES ET JF       ASMAT;AUTRE_STATUT;Traitement;""
250H;INDEMNITE DU 1ER MAI;AUTRE_STATUT;Traitement;""
475A;CONGES PAYES;AUTRE_STATUT;Traitement;""
4651;RET. T.I. POUR SERVICE NON FAIT;NON_TITULAIRE;Traitement;""
1510;DEMI-TRAITEMENT;NON_TITULAIRE;Traitement;""
4750;SOLDE CONGES PAYES 4JOURS;NON_TITULAIRE;Traitement;""
0880;___  TEMPS NON COMPLET  ___;STAGIAIRE;Traitement;""
250E;REUNION DU 26.01.2009;AUTRE_STATUT;Traitement;""
2501;PRIME RETRAITE;AUTRE_STATUT;Traitement;""
250A;JOURNEE D ADAPTATION;AUTRE_STATUT;Traitement;""
2501;PRIME DEPART RETRAITE;AUTRE_STATUT;Traitement;""
2502;REMUNERATION DE BASE 2E;AUTRE_STATUT;Traitement;""
2502;RETENUE MALADIE SUR FORFAIT;AUTRE_STATUT;Traitement;""
250A;JOURNEE ADAPTATION;AUTRE_STATUT;Traitement;""
250A;JOURS FORMATION;AUTRE_STATUT;Traitement;""
196A;HEURES ELECTIONS NUIT;NON_TITULAIRE;Traitement;""
196A;HEURES ELECTIONS;NON_TITULAIRE;Traitement;""
2302;VAC ETUD SURV NON ENSEIGNANTS;NON_TITULAIRE;Traitement;""
2301;VACATIONS ANIM. POL. VILLE;NON_TITULAIRE;Traitement;""
1007;TRAITEMENT INDICIAIRE HOR. ANIM.;NON_TITULAIRE;Traitement;""
1950;HEURES COMPL. TEMPS PARTIEL;NON_TITULAIRE;Traitement;""
4750;CONGES PAYES              MS;NON_TITULAIRE;Traitement;""
2204;REMUNERATION CAE;NON_TITULAIRE;Traitement;""
2204;REMUNERATION C.U.I;NON_TITULAIRE;Traitement;""
211D;HEURES SUPPLEMENTAIRES CUI;NON_TITULAIRE;Traitement;""
1950;HEURES COMPL. TEMPS PARTIEL;STAGIAIRE;Traitement;""
4929;CONGES PAYES SAISONNIERS;STAGIAIRE;Traitement;""
1900;HEURES SUPPL.  = 14 H;NON_TITULAIRE;Traitement;""
2303;VACATIONS PSYCHOLOGUE;NON_TITULAIRE;Traitement;""
2204;REMUNERATION CUI;NON_TITULAIRE;Traitement;""
2219;SALAIRE CONTRAT ADULTES-RELAIS;AUTRE_STATUT;Traitement;""
2301;VACATIONS ANIM. POL. VILLE CENTRE VILL;NON_TITULAIRE;Traitement;""
2301;VACATIONS ANIM. POL. VILLE VAL VERT;NON_TITULAIRE;Traitement;""
1935;HS EXO DE NUIT;TITULAIRE;Traitement;""
1905;HS EXO  = 14HEURES;NON_TITULAIRE;Traitement;""
1935;HS EXO DE NUIT;STAGIAIRE;Traitement;""
1920;HEURES SUPPL. DIMANCHE JF;STAGIAIRE;Traitement;""
1930;HEURES SUPPL. DE NUIT;STAGIAIRE;Traitement;""
1012;NOUVELLE BONIFICATION INDICIAIRE;NON_TITULAIRE;Traitement;""
1011;NOMBRE DE POINTS BONIF.;NON_TITULAIRE;Traitement;""
401V;COMPTE EPARGNE TEMPS;STAGIAIRE;Traitement;""
4750;CONGES PAYES;NON_TITULAIRE;Traitement;""
1007;TRAITEMENT INDICIAIRE HOR. ANIM. FEVRIER;NON_TITULAIRE;Traitement;""
1007;REGUL HEURES DU 16 JUIN;NON_TITULAIRE;Traitement;""
401V;COMPTE EPARGNE TEMPS;NON_TITULAIRE;Traitement;""
195B;IND. HOR.  TRAV. DIM  JOURS FERIES;NON_TITULAIRE;Traitement;""
2400;INDEMNITE FONCTION MAIRE;ELU;Traitement;""
240A;INDEMNITE MAIRE MS;ELU;Traitement;""
2451;INDEM. FONCTION CONSEILLER;ELU;Traitement;""
1017;HEURES COMPLEMENTAIRES;NON_TITULAIRE;Traitement;""
307A;REMUNERATION STAGIAIRE (25%SMIC);AUTRE_STATUT;Traitement;""
4750;CONGES PAYES SAISONNIERS;NON_TITULAIRE;Traitement;""
307A;REMUNERATION STAGIAIRE (25%SMIC);NON_TITULAIRE;Traitement;""
2452;INDEMN. CONSEILLER MUNIC;ELU;Traitement;""
2204;REMUNERATION C.U.I;STAGIAIRE;Traitement;""
2250;SALAIRE APPRENTI;AUTRE_STATUT;Traitement;""
1030;GRATIFICATION ETUDIANT EN STAGE;AUTRE_STATUT;Traitement;""
211D;HEURES SUPPLEMENTAIRES CAE;NON_TITULAIRE;Traitement;""
211D;HEURES SUP NUIT CAE;NON_TITULAIRE;Traitement;""
211D;H SUPPLEM NUIT CAE;NON_TITULAIRE;Traitement;""
211D;HEURES SUP NUIT C.U.I;NON_TITULAIRE;Traitement;""
1920;HEURES SUPPL. DIMANCHE JF;NON_TITULAIRE;Traitement;""
2300;ACT PUB A TITRE ACCESS.;NON_TITULAIRE;Traitement;""
2300;ACT PUB A TITRE ACCESS.;TITULAIRE;Traitement;""
2230;REMUNERATION CEA;EMPLOI_AIDE;Traitement;""
205A;INDEMNITE DE CONSEIL 2013;NON_TITULAIRE;Traitement;""
4750;CONGES PAYES JUSQ AU 18 07 10;NON_TITULAIRE;Traitement;""
1910;HEURES SUPPL.   14 H;NON_TITULAIRE;Traitement;""
307A;REMUNERATION STAGIAIRE (25%SMIC);TITULAIRE;Traitement;""
4750;CONGES PAYES                          MS;NON_TITULAIRE;Traitement;""
195F;IND. TRAVAUX INSALUBRES;NON_TITULAIRE;Traitement;""
195B;IND. HOR.  TRAV. DIM  JOURS FERIES;TITULAIRE;Traitement;""
195C;IND. HOR. TRAVAIL DE NUIT;TITULAIRE;Traitement;""
0880;___  TEMPS NON COMPLET  ___;AUTRE_STATUT;Traitement;""
1010;TRAITEMENT INDICIAIRE;AUTRE_STATUT;Traitement;""
4929;CONGES PAYES SAISONNIERS;AUTRE_STATUT;Traitement;""
4670;DED CARENCE TT INDICIAIRE;NON_TITULAIRE;Traitement;""
4671;DED CARENCE TT IND HORAIRE;NON_TITULAIRE;Traitement;""
1930;HEURES SUPPL. DE NUIT;NON_TITULAIRE;Traitement;""
1900;HEURES SUPPL.  = 14 H;STAGIAIRE;Traitement;""
1910;HEURES SUPPL.   14 H;STAGIAIRE;Traitement;""
